0,2025-01-25 13:56:03 現在
1,300011
2,300025
3,300048
4,300052
5,300053
6,300054
7,300055
8,300081
9,300100
10,300116
11,300147
12,300190
13,300218
14,300268
15,300269
16,300307
17,300324
18,300328
19,300329
20,300361
21,300363
22,300415
23,300446
24,300473
25,300517
26,300557
27,300558
28,300570
29,300571
30,300574
31,300577
32,300578
33,300628
34,300663
35,300668
36,300673
37,300674
38,300675
39,300815
40,300863
41,300947
42,301271
43,301346
44,301347
45,301427
46,301431
47,301523
48,301542
49,301543
50,301544
51,301545
52,301546
53,301547
54,301548
55,301549
56,301550
57,301551
58,301552
59,301553
60,301555
61,301556
62,301588
63,301589
64,301593
65,301601
66,301616
67,301637
68,301638
69,301652
70,301701
71,301799
72,302021
73,302056
74,302057
75,302087
76,302189
77,302194
78,302195
79,302199
80,302337
81,302352
82,302358
83,302397
84,302407
85,302445
86,302548
87,302661
88,302662
89,302771
90,302826
91,302827
92,302855
93,302856
94,302857
95,302870
96,303007
97,303055
98,303124
99,303125
100,303130
101,303131
102,303132
103,303135
104,303136
105,303152
106,303153
107,303154
108,303306
109,303307
110,303333
111,303345
112,303347
113,303348
114,303349
115,303350
116,303352
117,303360
118,303361
119,303381
120,303382
121,303387
122,303396
123,303438
124,303439
125,303440
126,303441
127,303442
128,303443
129,303444
130,303445
131,303490
132,303491
133,303537
134,303538
135,303565
136,303566
137,303567
138,303568
139,303569
140,303577
141,303578
142,303579
143,303580
144,303603
145,303613
146,303614
147,303616
148,303640
149,303671
150,303672
151,303673
152,303699
153,303700
154,303787
155,303788
156,303789
157,303824
158,303825
159,303827
160,303878
161,303908
162,303916
163,303939
164,303940
165,303942
166,303947
167,303991
168,303992
169,304002
170,304020
171,304021
172,304036
173,304039
174,304080
175,304116
176,304134
177,304212
178,304292
179,304329
180,304332
181,304335
182,304390
183,304393
184,304406
185,304428
186,304430
187,304442
188,304480
189,304589
190,304651
191,304678
192,304727
193,304869
194,304871
195,304873
196,304877
197,304878
198,304915
199,304933
200,304934
201,304940
202,304941
203,304944
204,304961
205,304965
206,304979
207,305029
208,305031
209,305032
210,305117
211,305118
212,305152
213,305183
214,305306
215,305320
216,305321
217,305323
218,305353
219,305355
220,305401
221,305404
222,305407
223,305440
224,305441
225,305443
226,305459
227,305460
228,305465
229,305466
230,305467
231,305471
232,305472
233,305474
234,305547
235,305549
236,305608
237,305609
238,305612
239,305650
240,305693
241,305696
242,305697
243,305698
244,305699
245,305721
246,305722
247,305723
248,305724
249,305730
250,305754
251,305756
252,305757
253,305758
254,305760
255,305762
256,305786
257,305787
258,305819
259,305867
260,305868
261,305883
262,305886
263,305920
264,305981
265,305991
266,306153
267,306154
268,306156
269,306157
270,306158
271,306159
272,306206
273,306207
274,306241
275,306245
276,306280
277,306281
278,306282
279,306283
280,306325
281,306347
282,306409
283,306444
284,306463
285,306504
286,306565
287,306609
288,306623
289,306624
290,306628
291,306629
292,306630
293,306634
294,306641
295,306642
296,306644
297,306646
298,306680
299,306684
300,306691
301,306713
302,306721
303,306735
304,306749
305,306752
306,306753
307,306755
308,306756
309,306757
310,306758
311,306770
312,306785
313,306786
314,306842
315,306843
316,306846
317,306847
318,306852
319,306859
320,306860
321,306898
322,306905
323,306913
324,306914
325,306915
326,306939
327,306940
328,306941
329,306942
330,307039
331,307040
332,307041
333,307044
334,307045
335,307047
336,307078
337,307079
338,307084
339,307089
340,307090
341,307091
342,307093
343,307094
344,307116
345,307156
346,307158
347,307318
348,307324
349,307349
350,307352
351,307353
352,307354
353,307376
354,307393
355,307394
356,307395
357,307460
358,307462
359,307484
360,307497
361,307500
362,307501
363,307504
364,307514
365,307596
366,307599
367,307601
368,307602
369,307607
370,307626
371,307653
372,307654
373,307676
374,307695
375,307759
376,307760
377,307810
378,307811
379,307819
380,307844
381,307847
382,307855
383,307860
384,307862
385,307874
386,307883
387,307884
388,307885
389,307906
390,307910
391,307911
392,307946
393,307968
394,307969
395,307970
396,307971
397,307972
398,307978
399,308008
400,308035
401,308036
402,308077
403,308285
404,308292
405,308294
406,308295
407,308296
408,308322
409,308323
410,308327
411,308345
412,308356
413,308363
414,308367
415,308441
416,308458
417,308460
418,308477
419,308481
420,308484
421,308490
422,308491
423,308497
424,308500
425,308502
426,308504
427,308509
428,308569
429,308570
430,308571
431,308593
432,308594
433,308637
434,308668
435,308674
436,308676
437,308688
438,308689
439,308690
440,308694
441,308696
442,308697
443,308698
444,308701
445,308704
446,308753
447,308755
448,308756
449,308757
450,308761
451,308763
452,308813
453,308814
454,308861
455,308862
456,308943
457,309010
458,309018
459,309037
460,309084
461,309085
462,309125
463,309126
464,309127
465,309225
466,309288
467,309319
468,309369
469,309386
470,309395
471,309401
472,309443
473,309444
474,309445
475,309447
476,309448
477,309509
478,309569
479,309570
480,309595
481,309597
482,309600
483,309601
484,309602
485,309603
486,309604
487,309605
488,309606
489,309608
490,309609
491,309610
492,309611
493,309612
494,309613
495,309614
496,309640
497,309641
498,309642
499,309643
500,309644
501,309645
502,309646
503,309647
504,309648
505,309665
506,309698
507,309699
508,309700
509,309722
510,309723
511,309724
512,309731
513,309738
514,309739
515,309788
516,309807
517,309818
518,309819
519,309820
520,309821
521,309822
522,309823
523,309824
524,309825
525,309826
526,309827
527,309898
528,309907
529,309953
530,309954
531,309956
532,309957
533,309958
534,309959
535,309989
536,309990
537,316083
538,316084
539,316085
540,316086
541,316087
542,316088
543,316090
544,316149
545,316150
546,316152
547,316322
548,316330
549,316331
550,316332
551,316333
552,316354
553,316355
554,316356
555,316366
556,316384
557,316463
558,316464
559,316675
560,316718
561,316719
562,316720
563,316721
564,316722
565,316723
566,316747
567,316748
568,316777
569,316788
570,316837
571,316838
572,316839
573,316840
574,316862
575,317058
576,317133
577,317280
578,318280
579,317358
580,317581
581,317615
582,317641
583,317660
584,317665
585,317698
586,317747
587,317796
588,317850
589,317864
590,317912
591,317950
592,317955
593,317962
594,317996
595,318108
596,318109
597,318135
598,318136
599,318137
600,318138
601,318139
602,318140
603,318174
604,318179
605,318181
606,318183
607,318192
608,318200
609,318201
610,318249
611,318299
612,318300
613,318302
614,318327
615,318328
616,318329
617,318330
618,318331
619,318332
620,318333
621,318334
622,318335
623,318336
624,318352
625,318353
626,318372
627,318373
628,318374
629,318377
630,318378
631,318379
632,318380
633,318381
634,318382
635,318383
636,318384
637,318385
638,318386
639,318409
640,318410
641,318411
642,318572
643,318581
644,318582
645,318623
646,318636
647,318637
648,318638
649,318710
650,318711
651,318713
652,318714
653,318725
654,318742
655,318743
656,318744
657,318766
658,318767
659,318790
660,318811
661,318896
662,318913
663,318917
664,318934
665,318959
666,318964
667,319040
668,319041
669,319042
670,319043
671,319049
672,319050
673,319051
674,319086
675,319087
676,319112
677,319113
678,319134
679,319260
680,319261
681,319262
682,319263
683,319294
684,319297
685,319305
686,319306
687,319307
688,319308
689,319309
690,319310
691,319358
692,319359
693,319362
694,319363
695,319388
696,319389
697,319440
698,319441
699,319482
700,319483
701,319517
702,319530
703,319531
704,319532
705,319533
706,319552
707,319553
708,319554
709,319555
710,319570
711,319574
712,319575
713,319576
714,319577
715,319603
716,319647
717,319650
718,319651
719,319652
720,319653
721,319654
722,319655
723,319656
724,319657
725,319720
726,319722
727,319723
728,319724
729,319725
730,319726
731,319734
732,319739
733,319747
734,319753
735,319754
736,319756
737,319785
738,319798
739,319803
740,319804
741,319805
742,319806
743,319807
744,319808
745,319822
746,319839
747,319865
748,320049
749,320050
750,320067
751,320068
752,320069
753,320070
754,320078
755,320096
756,320098
757,320119
758,320120
759,320124
760,320125
761,320126
762,320127
763,320128
764,320130
765,320131
766,320132
767,320133
768,320134
769,320135
770,320136
771,320138
772,320139
773,320140
774,320147
775,320148
776,320149
777,320150
778,320151
779,320152
780,320153
781,320163
782,320164
783,320165
784,320166
785,320188
786,320189
787,320190
788,320191
789,320193
790,320194
791,320195
792,320196
793,320197
794,320198
795,320199
796,320200
797,320201
798,320202
799,320224
800,320225
801,320231
802,320232
803,320233
804,320234
805,320239
806,320240
807,320241
808,320242
809,320243
810,320246
811,320247
812,320248
813,320278
814,320305
815,320326
816,320332
817,320343
818,320344
819,320345
820,320347
821,320348
822,320352
823,320382
824,320385
825,320387
826,320388
827,320466
828,320470
829,320502
830,320509
831,320510
832,320541
833,320599
834,320649
835,320676
836,320677
837,320686
838,320729
839,320843
840,320844
841,320900
842,320901
843,320908
844,320931
845,320940
846,320967
847,320968
848,320970
849,320971
850,320972
851,320992
852,321014
853,321026
854,321027
855,321042
856,321057
857,321068
858,321074
859,321075
860,321078
861,321079
862,321088
863,321106
864,321107
865,321108
866,321133
867,321140
868,321141
869,321163
870,321165
871,321179
872,321181
873,321183
874,321186
875,321191
876,321192
877,321208
878,321222
879,321225
880,321232
881,321236
882,321238
883,321239
884,321240
885,321241
886,321259
887,321285
888,321286
889,321287
890,321294
891,321295
892,321299
893,321300
894,321302
895,321303
896,321311
897,321317
898,321325
899,321326
900,321327
901,321335
902,321336
903,321349
904,321359
905,321360
906,321361
907,321374
908,321375
909,321376
910,321377
911,321379
912,321380
913,321381
914,321382
915,321384
916,321385
917,321423
918,321424
919,321428
920,321429
921,321430
922,321431
923,321432
924,321433
925,321435
926,321436
927,321437
928,321438
929,321444
930,321445
931,321447
932,321448
933,321457
934,321458
935,321459
936,321460
937,321543
938,321544
939,321545
940,321546
941,321547
942,321548
943,321549
944,321550
945,321551
946,321553
947,321554
948,321555
949,321556
950,321557
951,321558
952,321563
953,321564
954,321565
955,321566
956,321567
957,321582
958,321594
959,321619
960,321633
961,321634
962,321666
963,321669
964,321670
965,321686
966,321688
967,321716
968,321798
969,321799
970,321807
971,321808
972,321809
973,321810
974,321811
975,321812
976,321813
977,321814
978,321815
979,321816
980,321817
981,321818
982,321819
983,321820
984,321821
985,321822
986,321823
987,321824
988,321825
989,321826
990,321827
991,321828
992,321829
993,321830
994,321831
995,321832
996,321833
997,321834
998,321835
999,321836
1000,321875
1001,321876
1002,321877
1003,321975
1004,321976
1005,321977
1006,321978
1007,321987
1008,322013
1009,322035
1010,322036
1011,322037
1012,322043
1013,322061
1014,322087
1015,322088
1016,322091
1017,322092
1018,322093
1019,322095
1020,322096
1021,322103
1022,322126
1023,322127
1024,322128
1025,322145
1026,322146
1027,322178
1028,322179
1029,322180
1030,322240
1031,322244
1032,322245
1033,322247
1034,322248
1035,322249
1036,322255
1037,322262
1038,322281
1039,322282
1040,322283
1041,322308
1042,322324
1043,322430
1044,322431
1045,322432
1046,322433
1047,322517
1048,322535
1049,322536
1050,322537
1051,322549
1052,322561
1053,322562
1054,322565
1055,322566
1056,322606
1057,322669
1058,322675
1059,322677
1060,322699
1061,322708
1062,322746
1063,322747
1064,322753
1065,322764
1066,322765
1067,322766
1068,322767
1069,322768
1070,322769
1071,322790
1072,322830
1073,322836
1074,322890
1075,322899
1076,322904
1077,322931
1078,322932
1079,322933
1080,322967
1081,323012
1082,323117
1083,323118
1084,323181
1085,323182
1086,323223
1087,323280
1088,323334
1089,323433
1090,323540
1091,323541
1092,323542
1093,323543
1094,323544
1095,323545
1096,323546
1097,323613
1098,323633
1099,323634
1100,323659
1101,323660
1102,323661
1103,323662
1104,323663
1105,323751
1106,323767
1107,323768
1108,323769
1109,323776
1110,324016
1111,324019
1112,324020
1113,324022
1114,324158
1115,324159
1116,324162
1117,324205
1118,324241
1119,324484
1120,324485
1121,324487
1122,324488
1123,324489
1124,324790
1125,324795
1126,324799
1127,325493
1128,325644
1129,325645
1130,325692
1131,325693
1132,325805
1133,325829
1134,325906
1135,325910
1136,325912
1137,325940
1138,325941
1139,326303
1140,326399
1141,326400
1142,326501
1143,326748
1144,326920
1145,327030
1146,327124
1147,327238
1148,327266
1149,327294
1150,327443
1151,327467
1152,327504
1153,327505
1154,327506
1155,327507
1156,327508
1157,327509
1158,327510
1159,327511
1160,327571
1161,327577
1162,327578
1163,327579
1164,327682
1165,327683
1166,327684
1167,327688
1168,327690
1169,327691
1170,327694
1171,327716
1172,327719
1173,327726
1174,327751
1175,327785
1176,327851
1177,327852
1178,328173
1179,328260
1180,328376
1181,328380
1182,328545
1183,328546
1184,328667
1185,328716
1186,328725
1187,328747
1188,328748
1189,328807
1190,328810
1191,328811
1192,328812
1193,328813
1194,328814
1195,328874
1196,328875
1197,328988
1198,328989
1199,329020
1200,329021
1201,329066
1202,329074
1203,329256
1204,329444
1205,329521
1206,329562
1207,329633
1208,329708
1209,329709
1210,330045
1211,330047
1212,330149
1213,330150
1214,330199
1215,330260
1216,330383
1217,330432
1218,330570
1219,330714
1220,330802
1221,330803
1222,330843
1223,330889
1224,330905
1225,330906
1226,330918
1227,331022
1228,331080
1229,331081
1230,331213
1231,331323
1232,331329
1233,331484
1234,331511
1235,331512
1236,331513
1237,331514
1238,331551
1239,331552
1240,331656
1241,331657
1242,331690
1243,331693
1244,331771
1245,331791
1246,331792
1247,331793
1248,331794
1249,331795
1250,331991
1251,332199
1252,332231
1253,332408
1254,332468
1255,332469
1256,332470
1257,332508
1258,332533
1259,332542
1260,332543
1261,332544
1262,332612
1263,332620
1264,332621
1265,332627
1266,332654
1267,332686
1268,332748
1269,332752
1270,332762
1271,332773
1272,332776
1273,332783
1274,332784
1275,332800
1276,332954
1277,332955
1278,333042
1279,333043
1280,333082
1281,333083
1282,333246
1283,333247
1284,333291
1285,333310
1286,333323
1287,333334
1288,333432
1289,333446
1290,333455
1291,333464
1292,333466
1293,333473
1294,333496
1295,333506
1296,333513
1297,333520
1298,333592
1299,333593
1300,333602
1301,333603
1302,333604
1303,333605
1304,333606
1305,333651
1306,333652
1307,333653
1308,333667
1309,333668
1310,333674
1311,333686
1312,333689
1313,333710
1314,333715
1315,333758
1316,333759
1317,333760
1318,333795
1319,333796
1320,333812
1321,333823
1322,333824
1323,333863
1324,333864
1325,333881
1326,333882
1327,333883
1328,333892
1329,333903
1330,333988
1331,333990
1332,333991
1333,334002
1334,334003
1335,334004
1336,334012
1337,334135
1338,334240
1339,334317
1340,334370
1341,334461
1342,334464
1343,334561
1344,334562
1345,334564
1346,334565
1347,334568
1348,334569
1349,334570
1350,334571
1351,334670
1352,334732
1353,334948
1354,334949
1355,335116
1356,335117
1357,335294
1358,335309
1359,335310
1360,335333
1361,335344
1362,335345
1363,335405
1364,335531
1365,335547
1366,335586
1367,335626
1368,335629
1369,335635
1370,335660
1371,335662
1372,335867
1373,335868
1374,335871
1375,335925
1376,335945
1377,335946
1378,335975
1379,335977
1380,336163
1381,336169
1382,336170
1383,336172
1384,336179
1385,336180
1386,336187
1387,336188
1388,336195
1389,336196
1390,336197
1391,336201
1392,336202
1393,336203
1394,336204
1395,336212
1396,336213
1397,336214
1398,336247
1399,336257
1400,336270
1401,336276
1402,336277
1403,336278
1404,336279
1405,336282
1406,336345
1407,336495
1408,336502
1409,336513
1410,336521
1411,336522
1412,336534
1413,336537
1414,336538
1415,336539
1416,336540
1417,336572
1418,336573
1419,336574
1420,336575
1421,336577
1422,336578
1423,336706
1424,336707
1425,336708
1426,336709
1427,336712
1428,336713
1429,336714
1430,336727
1431,336728
1432,336729
1433,336826
1434,336828
1435,336829
1436,336864
1437,336873
1438,336940
1439,336944
1440,336950
1441,336951
1442,336952
1443,336970
1444,336971
1445,336975
1446,336976
1447,336977
1448,336978
1449,336979
1450,336980
1451,337001
1452,337002
1453,337026
1454,337085
1455,337167
1456,337168
1457,337169
1458,337257
1459,337299
1460,337369
1461,337370
1462,337389
1463,337390
1464,337393
1465,337394
1466,337396
1467,337397
1468,337419
1469,337421
1470,337422
1471,337464
1472,337466
1473,337467
1474,337749
1475,337750
1476,337751
1477,337765
1478,337766
1479,337785
1480,337787
1481,337839
1482,338040
1483,338044
1484,338297
1485,338435
1486,338519
1487,338532
1488,338617
1489,338639
1490,338648
1491,338649
1492,338650
1493,338651
1494,338652
1495,338653
1496,338655
1497,338656
1498,338657
1499,338658
1500,338661
1501,338662
1502,338663
1503,338682
1504,338683
1505,338684
1506,338685
1507,338688
1508,338689
1509,338693
1510,338694
1511,338695
1512,338709
1513,338713
1514,338714
1515,338730
1516,338731
1517,338732
1518,338755
1519,338787
1520,338788
1521,338805
1522,338813
1523,338814
1524,338870
1525,338871
1526,338963
1527,338970
1528,338979
1529,338997
1530,339001
1531,339014
1532,339017
1533,339027
1534,339074
1535,339075
1536,339117
1537,339118
1538,339119
1539,339120
1540,339121
1541,339136
1542,339137
1543,339140
1544,339142
1545,339143
1546,339190
1547,339196
1548,339197
1549,339198
1550,339199
1551,339200
1552,339201
1553,339202
1554,339257
1555,339311
1556,339446
1557,339472
1558,339481
1559,339482
1560,339622
1561,339684
1562,339685
1563,339686
1564,339687
1565,339688
1566,339689
1567,339710
1568,339712
1569,339750
1570,339751
1571,339760
1572,339768
1573,339795
1574,339796
1575,339797
1576,339798
1577,339849
1578,339850
1579,339851
1580,339852
1581,339854
1582,339960
1583,339961
1584,339962
1585,340005
1586,340043
1587,340128
1588,340425
1589,340582
1590,340621
1591,340623
1592,340625
1593,340626
1594,340649
1595,340713
1596,340715
1597,340720
1598,340810
1599,340863
1600,340903
1601,340904
1602,340961
1603,340964
1604,340965
1605,340966
1606,340968
1607,340970
1608,340971
1609,340972
1610,340973
1611,341014
1612,341033
1613,341036
1614,341056
1615,341113
1616,341114
1617,341185
1618,341196
1619,341197
1620,341200
1621,341331
1622,341409
1623,341410
1624,341411
1625,341412
1626,341413
1627,341436
1628,341437
1629,341470
1630,341478
1631,341479
1632,341493
1633,341533
1634,341535
1635,341543
1636,341544
1637,341545
1638,341576
1639,341587
1640,341588
1641,341714
1642,341738
1643,341739
1644,341741
1645,341760
1646,341782
1647,341810
1648,341811
1649,341813
1650,341814
1651,341831
1652,341832
1653,341833
1654,341834
1655,341835
1656,341836
1657,341837
1658,341844
1659,341879
1660,341889
1661,341890
1662,341902
1663,342036
1664,342040
1665,342107
1666,342120
1667,342129
1668,342133
1669,342134
1670,342154
1671,342167
1672,342168
1673,342205
1674,342206
1675,342207
1676,342282
1677,342294
1678,342295
1679,342370
1680,342389
1681,342394
1682,342395
1683,342396
1684,342411
1685,342412
1686,342420
1687,342421
1688,342422
1689,342423
1690,342424
1691,342432
1692,342433
1693,342435
1694,342436
1695,342437
1696,342449
1697,342470
1698,342471
1699,342473
1700,342485
1701,342487
1702,342488
1703,342489
1704,342490
1705,342534
1706,342535
1707,342539
1708,342540
1709,342541
1710,342542
1711,342543
1712,342544
1713,342607
1714,342608
1715,342612
1716,342613
1717,342617
1718,342618
1719,342619
1720,342620
1721,342628
1722,342629
1723,342675
1724,342677
1725,342828
1726,342889
1727,342890
1728,342891
1729,342930
1730,342931
1731,342967
1732,342972
1733,343032
1734,343037
1735,343054
1736,343055
1737,343056
1738,343057
1739,343058
1740,343059
1741,343060
1742,343061
1743,343062
1744,343114
1745,343259
1746,343260
1747,343261
1748,343371
1749,343390
1750,343420
1751,343425
1752,343427
1753,343428
1754,343429
1755,343439
1756,343441
1757,343468
1758,343472
1759,343473
1760,343489
1761,343490
1762,343492
1763,343497
1764,343498
1765,343499
1766,343508
1767,343509
1768,343510
1769,343516
1770,343517
1771,343518
1772,343519
1773,343520
1774,343521
1775,343526
1776,343544
1777,343545
1778,343546
1779,343547
1780,343548
1781,343549
1782,343553
1783,343565
1784,343567
1785,343568
1786,343573
1787,343574
1788,343579
1789,343656
1790,343707
1791,343709
1792,343710
1793,343776
1794,343830
1795,343831
1796,343832
1797,343861
1798,343863
1799,343884
1800,343890
1801,343896
1802,343898
1803,343899
1804,343900
1805,343928
1806,343929
1807,343930
1808,343931
1809,343932
1810,343933
1811,343978
1812,343982
1813,343983
1814,344029
1815,344042
1816,344043
1817,344044
1818,344047
1819,344060
1820,344061
1821,344080
1822,344081
1823,344082
1824,344132
1825,344133
1826,344134
1827,344135
1828,344138
1829,344139
1830,344140
1831,344194
1832,344195
1833,344201
1834,344210
1835,344219
1836,344221
1837,344222
1838,344223
1839,344224
1840,344225
1841,344226
1842,344280
1843,344302
1844,344303
1845,344304
1846,344305
1847,344306
1848,344327
1849,344328
1850,344329
1851,344335
1852,344336
1853,344337
1854,344372
1855,344376
1856,344377
1857,344410
1858,344429
1859,344430
1860,344431
1861,344432
1862,344433
1863,344434
1864,344479
1865,344508
1866,344509
1867,344510
1868,344521
1869,344522
1870,344523
1871,344524
1872,344525
1873,344526
1874,344527
1875,344551
1876,344596
1877,344597
1878,344598
1879,344599
1880,344600
1881,344720
1882,344721
1883,344722
1884,344723
1885,344724
1886,344725
1887,344726
1888,344777
1889,344787
1890,344814
1891,344815
1892,344816
1893,344817
1894,344818
1895,344819
1896,344820
1897,344821
1898,344824
1899,344859
1900,344869
1901,344870
1902,344897
1903,344992
1904,345028
1905,345029
1906,345030
1907,345032
1908,345033
1909,345034
1910,345035
1911,345036
1912,345037
1913,345094
1914,345098
1915,345100
1916,345102
1917,345103
1918,345106
1919,345107
1920,345108
1921,345109
1922,345125
1923,345131
1924,345176
1925,345229
1926,345230
1927,345259
1928,345270
1929,345271
1930,345367
1931,345368
1932,345455
1933,345456
1934,345457
1935,345458
1936,345465
1937,345646
1938,345652
1939,345682
1940,345683
1941,345684
1942,345747
1943,345749
1944,345750
1945,345751
1946,345752
1947,345756
1948,345757
1949,345758
1950,345759
1951,345762
1952,345870
1953,345871
1954,345876
1955,345895
1956,346037
1957,346039
1958,346053
1959,346055
1960,346056
1961,346057
1962,346058
1963,346059
1964,346060
1965,346065
1966,346073
1967,346074
1968,346196
1969,346269
1970,346390
1971,346394
1972,346395
1973,346396
1974,346397
1975,346398
1976,346503
1977,346543
1978,346550
1979,346626
1980,346627
1981,346628
1982,346646
1983,346647
1984,346648
1985,346649
1986,346650
1987,346664
1988,346665
1989,346666
1990,346667
1991,346668
1992,346671
1993,346672
1994,346680
1995,346681
1996,346682
1997,346683
1998,346684
1999,346738
2000,346739
2001,346740
2002,346744
2003,346750
2004,346751
2005,346752
2006,346753
2007,346754
2008,346755
2009,346770
2010,346771
2011,346773
2012,346841
2013,346888
2014,346889
2015,346890
2016,346893
2017,346894
2018,346895
2019,346920
2020,346921
2021,346922
2022,346923
2023,346924
2024,346941
2025,346944
2026,346945
2027,346946
2028,346947
2029,346954
2030,346955
2031,346966
2032,346974
2033,346975
2034,346976
2035,346977
2036,346978
2037,346982
2038,346983
2039,346984
2040,346985
2041,346987
2042,347001
2043,347002
2044,347003
2045,347004
2046,347015
2047,347016
2048,347019
2049,347020
2050,347021
2051,347022
2052,347030
2053,347031
2054,347104
2055,347227
2056,347251
2057,347304
2058,347397
2059,347398
2060,347399
2061,347405
2062,347415
2063,347416
2064,347516
2065,347517
2066,347526
2067,347527
2068,347585
2069,347594
2070,347604
2071,347605
2072,347606
2073,347607
2074,347615
2075,347617
2076,347618
2077,347621
2078,347626
2079,347630
2080,347654
2081,347726
2082,347754
2083,347774
2084,347801
2085,347802
2086,347803
2087,347817
2088,347867
2089,347868
2090,347869
2091,347893
2092,347894
2093,347895
2094,347896
2095,347897
2096,347899
2097,347900
2098,347915
2099,347916
2100,347985
2101,347987
2102,347989
2103,347991
2104,347992
2105,348014
2106,348023
2107,348024
2108,348061
2109,348063
2110,348064
2111,348065
2112,348068
2113,348081
2114,348082
2115,348084
2116,348085
2117,348087
2118,348088
2119,348128
2120,348146
2121,348163
2122,348164
2123,348193
2124,348194
2125,348195
2126,348196
2127,348223
2128,348225
2129,348289
2130,348290
2131,348308
2132,348309
2133,348310
2134,348315
2135,348321
2136,348322
2137,348349
2138,348350
2139,348437
2140,348441
2141,348457
2142,348468
2143,348477
2144,348553
2145,348662
2146,348700
2147,348701
2148,348703
2149,348704
2150,348793
2151,348912
2152,348957
2153,349017
2154,349018
2155,349021
2156,349022
2157,349023
2158,349024
2159,349047
2160,349048
2161,349070
2162,349071
2163,349072
2164,349073
2165,349074
2166,349075
2167,349076
2168,349103
2169,349104
2170,349105
2171,349145
2172,349146
2173,349148
2174,349253
2175,349254
2176,349255
2177,349256
2178,349257
2179,349270
2180,349277
2181,349289
2182,349290
2183,349291
2184,349292
2185,349293
2186,349299
2187,349300
2188,349301
2189,349302
2190,349303
2191,349310
2192,349311
2193,349312
2194,349313
2195,349314
2196,349331
2197,349332
2198,349333
2199,349334
2200,349335
2201,349361
2202,349362
2203,349363
2204,349364
2205,349365
2206,349403
2207,349470
2208,349471
2209,349480
2210,349490
2211,349504
2212,349505
2213,349524
2214,349525
2215,349527
2216,349528
2217,349533
2218,349534
2219,349535
2220,349556
2221,349557
2222,349558
2223,349559
2224,349560
2225,349561
2226,349562
2227,349583
2228,349585
2229,349587
2230,349588
2231,349589
2232,349598
2233,349599
2234,349600
2235,349601
2236,349602
2237,349650
2238,349651
2239,349652
2240,349653
2241,349654
2242,349655
2243,349656
2244,349657
2245,349683
2246,349684
2247,349714
2248,349715
2249,349716
2250,349719
2251,349720
2252,349721
2253,349772
2254,349836
2255,349852
2256,349853
2257,349854
2258,349855
2259,349856
2260,349857
2261,349858
2262,349859
2263,349860
2264,349861
2265,349863
2266,349878
2267,349879
2268,349880
2269,349881
2270,349882
2271,349883
2272,349884
2273,349885
2274,349886
2275,349889
2276,349891
2277,349893
2278,349894
2279,349901
2280,349902
2281,349928
2282,349961
2283,349962
2284,349963
2285,349964
2286,349965
2287,349966
2288,349969
2289,349970
2290,350008
2291,350038
2292,350039
2293,350045
2294,350047
2295,350106
2296,350107
2297,350108
2298,350109
2299,350122
2300,350123
2301,350124
2302,350125
2303,350128
2304,350143
2305,350144
2306,350145
2307,350146
2308,350147
2309,350156
2310,350161
2311,350162
2312,350163
2313,350164
2314,350166
2315,350167
2316,350221
2317,350222
2318,350223
2319,350224
2320,350238
2321,350239
2322,350272
2323,350282
2324,350283
2325,350305
2326,350306
2327,350307
2328,350308
2329,350310
2330,350347
2331,350366
2332,350376
2333,350383
2334,350406
2335,350407
2336,350504
2337,350587
2338,350594
2339,350595
2340,350596
2341,350636
2342,350642
2343,350643
2344,350644
2345,350719
2346,350720
2347,350721
2348,350722
2349,350725
2350,350726
2351,350737
2352,350738
2353,350879
2354,350889
2355,350890
2356,350892
2357,350893
2358,350894
2359,350896
2360,350897
2361,350898
2362,350899
2363,351049
2364,351050
2365,351117
2366,351133
2367,351134
2368,351135
2369,351136
2370,351137
2371,351138
2372,351155
2373,351156
2374,351165
2375,351180
2376,351181
2377,351182
2378,351183
2379,351194
2380,351195
2381,351196
2382,351197
2383,351198
2384,351218
2385,351242
2386,351244
2387,351245
2388,351246
2389,351247
2390,351265
2391,351266
2392,351267
2393,351268
2394,351269
2395,351270
2396,351271
2397,351272
2398,351273
2399,351274
2400,351275
2401,351276
2402,351277
2403,351279
2404,351280
2405,351281
2406,351282
2407,351307
2408,351314
2409,351316
2410,351317
2411,351333
2412,351334
2413,351339
2414,351340
2415,351365
2416,351366
2417,351372
2418,351420
2419,351421
2420,351422
2421,351423
2422,351424
2423,351427
2424,351428
2425,351429
2426,351433
2427,351492
2428,351493
2429,351502
2430,351503
2431,351504
2432,351505
2433,351506
2434,351507
2435,351508
2436,351513
2437,351514
2438,351515
2439,351525
2440,351526
2441,351527
2442,351600
2443,351601
2444,351602
2445,351603
2446,351604
2447,351605
2448,351606
2449,351607
2450,351608
2451,351619
2452,351647
2453,351703
2454,351733
2455,351734
2456,351735
2457,351736
2458,351737
2459,351739
2460,351761
2461,351762
2462,351763
2463,351765
2464,351767
2465,351768
2466,351769
2467,351776
2468,351777
2469,351778
2470,351779
2471,351780
2472,351790
2473,351791
2474,351792
2475,351793
2476,351795
2477,351796
2478,351813
2479,351814
2480,351815
2481,351816
2482,351817
2483,351818
2484,351905
2485,351906
2486,351929
2487,351930
2488,351931
2489,351932
2490,351933
2491,351934
2492,351935
2493,351936
2494,351937
2495,351940
2496,351970
2497,351971
2498,351991
2499,352003
2500,352004
2501,352005
2502,352012
2503,352013
2504,352014
2505,352031
2506,352032
2507,352033
2508,352034
2509,352035
2510,352036
2511,352037
2512,352038
2513,352044
2514,352045
2515,352058
2516,352059
2517,352060
2518,352066
2519,352070
2520,352073
2521,352074
2522,352075
2523,352082
2524,352113
2525,352114
2526,352117
2527,352118
2528,352119
2529,352121
2530,352122
2531,352123
2532,352138
2533,352139
2534,352145
2535,352146
2536,352147
2537,352151
2538,352164
2539,352252
2540,352270
2541,352271
2542,352279
2543,352280
2544,352292
2545,352293
2546,352294
2547,352295
2548,352299
2549,352300
2550,352302
2551,352303
2552,352304
2553,352306
2554,352307
2555,352308
2556,352309
2557,352310
2558,352311
2559,352326
2560,352327
2561,352357
2562,352358
2563,352376
2564,352377
2565,352410
2566,352428
2567,352429
2568,352430
2569,352448
2570,352476
2571,352479
2572,352500
2573,352529
2574,352530
2575,352606
2576,352617
2577,352624
2578,352638
2579,352639
2580,352640
2581,352642
2582,352643
2583,352644
2584,352645
2585,352646
2586,352647
2587,352648
2588,352649
2589,352659
2590,352660
2591,352693
2592,352694
2593,352802
2594,352839
2595,352841
2596,352842
2597,352843
2598,352860
2599,352868
2600,352869
2601,352887
2602,352914
2603,352944
2604,352945
2605,352946
2606,352981
2607,352982
2608,352983
2609,352984
2610,352985
2611,352986
2612,353009
2613,353013
2614,353014
2615,353015
2616,353016
2617,353017
2618,353018
2619,353094
2620,353095
2621,353096
2622,353097
2623,353098
2624,353099
2625,353100
2626,353104
2627,353105
2628,353106
2629,353107
2630,353110
2631,353111
2632,353112
2633,353113
2634,353114
2635,353115
2636,353116
2637,353117
2638,353118
2639,353119
2640,353142
2641,353143
2642,353144
2643,353145
2644,353146
2645,353147
2646,353148
2647,353162
2648,353163
2649,353164
2650,353165
2651,353166
2652,353177
2653,353180
2654,353184
2655,353186
2656,353189
2657,353191
2658,353192
2659,353200
2660,353204
2661,353205
2662,353222
2663,353223
2664,353224
2665,353225
2666,353226
2667,353227
2668,353228
2669,353229
2670,353252
2671,353253
2672,353254
2673,353255
2674,353256
2675,353257
2676,353258
2677,353260
2678,353261
2679,353262
2680,353287
2681,353288
2682,353289
2683,353290
2684,353344
2685,353358
2686,353404
2687,353546
2688,353547
2689,353548
2690,353549
2691,353664
2692,353665
2693,353774
2694,353775
2695,353880
2696,353881
2697,353882
2698,353883
2699,353884
2700,353885
2701,353891
2702,353892
2703,353893
2704,353894
2705,353895
2706,353896
2707,353992
2708,353993
2709,353994
2710,353995
2711,353998
2712,353999
2713,354000
2714,354001
2715,354013
2716,354015
2717,354018
2718,354083
2719,354120
2720,354121
2721,354122
2722,354123
2723,354134
2724,354135
2725,354136
2726,354137
2727,354147
2728,354229
2729,354230
2730,354231
2731,354232
2732,354239
2733,354240
2734,354241
2735,354242
2736,354243
2737,354244
2738,354250
2739,354251
2740,354252
2741,354253
2742,354259
2743,354260
2744,354261
2745,354262
2746,354263
2747,354264
2748,354286
2749,354287
2750,354288
2751,354289
2752,354290
2753,354291
2754,354309
2755,354310
2756,354311
2757,354312
2758,354313
2759,354314
2760,354315
2761,354316
2762,354317
2763,354318
2764,354319
2765,354320
2766,354323
2767,354324
2768,354325
2769,354326
2770,354327
2771,354328
2772,354338
2773,354339
2774,354340
2775,354341
2776,354389
2777,354390
2778,354391
2779,354392
2780,354393
2781,354394
2782,354395
2783,354396
2784,354397
2785,354398
2786,354412
2787,354413
2788,354416
2789,354419
2790,354421
2791,354436
2792,354437
2793,354503
2794,354504
2795,354505
2796,354506
2797,354507
2798,354508
2799,354509
2800,354517
2801,354518
2802,354519
2803,354520
2804,354545
2805,354546
2806,354550
2807,354551
2808,354552
2809,354553
2810,354554
2811,354574
2812,354610
2813,354611
2814,354612
2815,354613
2816,354623
2817,354624
2818,354625
2819,354674
2820,354695
2821,354696
2822,354728
2823,354729
2824,354730
2825,354733
2826,354752
2827,354756
2828,354830
2829,354842
2830,354843
2831,354844
2832,354845
2833,354848
2834,354849
2835,354851
2836,354862
2837,354863
2838,354888
2839,354889
2840,354890
2841,354891
2842,354892
2843,354893
2844,354897
2845,354898
2846,354899
2847,354900
2848,354962
2849,354969
2850,355064
2851,355070
2852,355071
2853,355073
2854,355074
2855,355081
2856,355082
2857,355083
2858,355084
2859,355085
2860,355086
2861,355087
2862,355088
2863,355092
2864,355093
2865,355094
2866,355096
2867,355097
2868,355098
2869,355099
2870,355100
2871,355101
2872,355102
2873,355103
2874,355104
2875,355105
2876,355106
2877,355107
2878,355120
2879,355121
2880,355122
2881,355123
2882,355124
2883,355126
2884,355128
2885,355130
2886,355131
2887,355132
2888,355133
2889,355134
2890,355179
2891,355180
2892,355181
2893,355203
2894,355204
2895,355205
2896,355206
2897,355207
2898,355208
2899,355209
2900,355210
2901,355211
2902,355214
2903,355215
2904,355216
2905,355217
2906,355229
2907,355230
2908,355231
2909,355232
2910,355233
2911,355235
2912,355236
2913,355268
2914,355287
2915,355290
2916,355291
2917,355292
2918,355308
2919,355337
2920,355338
2921,355358
2922,355359
2923,355373
2924,355375
2925,355376
2926,355378
2927,355379
2928,355380
2929,355381
2930,355395
2931,355396
2932,355397
2933,355398
2934,355408
2935,355409
2936,355410
2937,355411
2938,355421
2939,355422
2940,355423
2941,355425
2942,355426
2943,355427
2944,355428
2945,355440
2946,355463
2947,355464
2948,355465
2949,355466
2950,355468
2951,355469
2952,355470
2953,355471
2954,355472
2955,355473
2956,355493
2957,355494
2958,355495
2959,355496
2960,355501
2961,355507
2962,355508
2963,355575
2964,355603
2965,355605
2966,355607
2967,355609
2968,355610
2969,355619
2970,355650
2971,355652
2972,355665
2973,355666
2974,355669
2975,355672
2976,355676
2977,355718
2978,355719
2979,355720
2980,355762
2981,355763
2982,355764
2983,355765
2984,355766
2985,355767
2986,355768
2987,355779
2988,355780
2989,355781
2990,355782
2991,355786
2992,355787
2993,355788
2994,355789
2995,355842
2996,355843
2997,355874
2998,355886
2999,355887
3000,355888
3001,355898
3002,355900
3003,355947
3004,355950
3005,355986
3006,355987
3007,355988
3008,355989
3009,355990
3010,355991
3011,355993
3012,355994
3013,355995
3014,355996
3015,356000
3016,356001
3017,356004
3018,356009
3019,356010
3020,356011
3021,356012
3022,356013
3023,356015
3024,356025
3025,356029
3026,356042
3027,356043
3028,356045
3029,356046
3030,356076
3031,356099
3032,356100
3033,356124
3034,356125
3035,356126
3036,356127
3037,356128
3038,356129
3039,356130
3040,356131
3041,356238
3042,356239
3043,356240
3044,356243
3045,356244
3046,356249
3047,356250
3048,356297
3049,356298
3050,356323
3051,356328
3052,356335
3053,356336
3054,356337
3055,356361
3056,356362
3057,356363
3058,356389
3059,356390
3060,356391
3061,356392
3062,356393
3063,356394
3064,356401
3065,356402
3066,356406
3067,356407
3068,356408
3069,356409
3070,356436
3071,356437
3072,356439
3073,356440
3074,356458
3075,356459
3076,356460
3077,356461
3078,356486
3079,356487
3080,356494
3081,356495
3082,356524
3083,356529
3084,356530
3085,356538
3086,356539
3087,356540
3088,356541
3089,356542
3090,356543
3091,356554
3092,356560
3093,356561
3094,356564
3095,356565
3096,356566
3097,356572
3098,356574
3099,356575
3100,356576
3101,356577
3102,356578
3103,356579
3104,356587
3105,356588
3106,356589
3107,356590
3108,356595
3109,356596
3110,356597
3111,356598
3112,356599
3113,356600
3114,356608
3115,356628
3116,356629
3117,356630
3118,356632
3119,356633
3120,356634
3121,356661
3122,356662
3123,356667
3124,356668
3125,356672
3126,356673
3127,356674
3128,356687
3129,356688
3130,356689
3131,356691
3132,356719
3133,356752
3134,356753
3135,356785
3136,356786
3137,356787
3138,356788
3139,356789
3140,356795
3141,356796
3142,356797
3143,356798
3144,356806
3145,356811
3146,356812
3147,356813
3148,356814
3149,356815
3150,356816
3151,356817
3152,356818
3153,356819
3154,356820
3155,356827
3156,356834
3157,356882
3158,356883
3159,356884
3160,356885
3161,356892
3162,356902
3163,356904
3164,356905
3165,356906
3166,356908
3167,356909
3168,356910
3169,356911
3170,356912
3171,356913
3172,356914
3173,356925
3174,356926
3175,356927
3176,356949
3177,356950
3178,356951
3179,356952
3180,356960
3181,356962
3182,356963
3183,356967
3184,356968
3185,356970
3186,356971
3187,356972
3188,356973
3189,357009
3190,357010
3191,357011
3192,357024
3193,357025
3194,357026
3195,357027
3196,357028
3197,357029
3198,357031
3199,357032
3200,357036
3201,357037
3202,357041
3203,357051
3204,357084
3205,357085
3206,357086
3207,357087
3208,357088
3209,357089
3210,357090
3211,357091
3212,357092
3213,357093
3214,357094
3215,357095
3216,357119
3217,357146
3218,357147
3219,357174
3220,357191
3221,357192
3222,357193
3223,357194
3224,357243
3225,357244
3226,357245
3227,357246
3228,357247
3229,357265
3230,357267
3231,357293
3232,357296
3233,357321
3234,357322
3235,357328
3236,357333
3237,357334
3238,357335
3239,357336
3240,357337
3241,357338
3242,357343
3243,357344
3244,357345
3245,357346
3246,357347
3247,357348
3248,357349
3249,357350
3250,357351
3251,357392
3252,357393
3253,357394
3254,357395
3255,357422
3256,357423
3257,357424
3258,357479
3259,357480
3260,357532
3261,357533
3262,357570
3263,357572
3264,357591
3265,357594
3266,357598
3267,357599
3268,357615
3269,357617
3270,357649
3271,357650
3272,357661
3273,357662
3274,357663
3275,357664
3276,357665
3277,357666
3278,357667
3279,357668
3280,357681
3281,357682
3282,357683
3283,357693
3284,357703
3285,357711
3286,357712
3287,357718
3288,357719
3289,357720
3290,357721
3291,357725
3292,357726
3293,357727
3294,357728
3295,357729
3296,357736
3297,357737
3298,357738
3299,357739
3300,357782
3301,357783
3302,357784
3303,357828
3304,357829
3305,357830
3306,357831
3307,357832
3308,357833
3309,357834
3310,357835
3311,357836
3312,357868
3313,357869
3314,357881
3315,357882
3316,357883
3317,357901
3318,357902
3319,357903
3320,357904
3321,357911
3322,357912
3323,357919
3324,357920
3325,357922
3326,357925
3327,357926
3328,357931
3329,357932
3330,357933
3331,357939
3332,357940
3333,357941
3334,357948
3335,357949
3336,357962
3337,357964
3338,357965
3339,357966
3340,357967
3341,357968
3342,358013
3343,358014
3344,358031
3345,358032
3346,358050
3347,358063
3348,358064
3349,358065
3350,358080
3351,358081
3352,358145
3353,358146
3354,358264
3355,358265
3356,358276
3357,358279
3358,358280
3359,358380
3360,358386
3361,358389
3362,358410
3363,358411
3364,358423
3365,358424
3366,358425
3367,358446
3368,358449
3369,358466
3370,358467
3371,358468
3372,358469
3373,358470
3374,358472
3375,358473
3376,358474
3377,358475
3378,358476
3379,358477
3380,358478
3381,358479
3382,358480
3383,358493
3384,358494
3385,358498
3386,358499
3387,358500
3388,358518
3389,358547
3390,358560
3391,358593
3392,358594
3393,358595
3394,358603
3395,358604
3396,358605
3397,358606
3398,358607
3399,358608
3400,358609
3401,358611
3402,358613
3403,358626
3404,358660
3405,358665
3406,358676
3407,358687
3408,358688
3409,358696
3410,358697
3411,358698
3412,358707
3413,358712
3414,358713
3415,358738
3416,358740
3417,358741
3418,358785
3419,358791
3420,358794
3421,358795
3422,358796
3423,358800
3424,358801
3425,358802
3426,358803
3427,358810
3428,358811
3429,358812
3430,358813
3431,358814
3432,358815
3433,358852
3434,358853
3435,358855
3436,358856
3437,358868
3438,358869
3439,358870
3440,358872
3441,358920
3442,358960
3443,358996
3444,358999
3445,359000
3446,359001
3447,359002
3448,359004
3449,359018
3450,359037
3451,359038
3452,359052
3453,359053
3454,359054
3455,359056
3456,359099
3457,359100
3458,359101
3459,359102
3460,359103
3461,359112
3462,359134
3463,359177
3464,359186
3465,359188
3466,359189
3467,359190
3468,359203
3469,359204
3470,359206
3471,359211
3472,359212
3473,359227
3474,359233
3475,359236
3476,359237
3477,359238
3478,359239
3479,359240
3480,359241
3481,359244
3482,359265
3483,359269
3484,359270
3485,359287
3486,359288
3487,359289
3488,359290
3489,359305
3490,359306
3491,359307
3492,359308
3493,359309
3494,359320
3495,359324
3496,359325
3497,359326
3498,359327
3499,359348
3500,359399
3501,359407
3502,359442
3503,359455
3504,359478
3505,359479
3506,359484
3507,359485
3508,359489
3509,359531
3510,359658
3511,359659
3512,359660
3513,359666
3514,359697
3515,359700
3516,359701
3517,359730
3518,359731
3519,359732
3520,359733
3521,359758
3522,359796
3523,359811
3524,359812
3525,359842
3526,359863
3527,359882
3528,359883
3529,359936
3530,359937
3531,359938
3532,359942
3533,359943
3534,359944
3535,359966
3536,359967
3537,359980
3538,360001
3539,360002
3540,360003
3541,360018
3542,360024
3543,360025
3544,360026
3545,360027
3546,360032
3547,360045
3548,360046
3549,360047
3550,360048
3551,360049
3552,360050
3553,360051
3554,360057
3555,360058
3556,360059
3557,360060
3558,360076
3559,360082
3560,360083
3561,360084
3562,360085
3563,360086
3564,360087
3565,360088
3566,360089
3567,360090
3568,360100
3569,360101
3570,360102
3571,360103
3572,360132
3573,360133
3574,360143
3575,360144
3576,360149
3577,360150
3578,360151
3579,360152
3580,360153
3581,360168
3582,360185
3583,360186
3584,360193
3585,360211
3586,360212
3587,360219
3588,360266
3589,360267
3590,360271
3591,360272
3592,360273
3593,360274
3594,360290
3595,360291
3596,360292
3597,360293
3598,360294
3599,360295
3600,360304
3601,360309
3602,360310
3603,360313
3604,360314
3605,360315
3606,360317
3607,360318
3608,360319
3609,360321
3610,360322
3611,360384
3612,360386
3613,360390
3614,360432
3615,360433
3616,360442
3617,360446
3618,360465
3619,360466
3620,360471
3621,360473
3622,360474
3623,360479
3624,360481
3625,360482
3626,360483
3627,360484
3628,360544
3629,360545
3630,360547
3631,360548
3632,360596
3633,360601
3634,360609
3635,360611
3636,360618
3637,360647
3638,360658
3639,360684
3640,360696
3641,360704
3642,360705
3643,360707
3644,360708
3645,360709
3646,360712
3647,360726
3648,360727
3649,360728
3650,360730
3651,360731
3652,360732
3653,360733
3654,360747
3655,360748
3656,360749
3657,360752
3658,360754
3659,360755
3660,360756
3661,360759
3662,360766
3663,360770
3664,360771
3665,360774
3666,360775
3667,360776
3668,360782
3669,360783
3670,360787
3671,360788
3672,360794
3673,360795
3674,360797
3675,360798
3676,360801
3677,360802
3678,360810
3679,360811
3680,360812
3681,360813
3682,360814
3683,360815
3684,360816
3685,360817
3686,360818
3687,360819
3688,360823
3689,360824
3690,360831
3691,360832
3692,360833
3693,360834
3694,360835
3695,360885
3696,360886
3697,360887
3698,360888
3699,360889
3700,360890
3701,360891
3702,360892
3703,360893
3704,360894
3705,360896
3706,360897
3707,360898
3708,360899
3709,360900
3710,360901
3711,360933
3712,360934
3713,360935
3714,360939
3715,360948
3716,360987
3717,360988
3718,360989
3719,360990
3720,360991
3721,360992
3722,361065
3723,361066
3724,361067
3725,361068
3726,361069
3727,361090
3728,361091
3729,361092
3730,361093
3731,361094
3732,361095
3733,361096
3734,361097
3735,361142
3736,361143
3737,361182
3738,361193
3739,361194
3740,361212
3741,361213
3742,361214
3743,361229
3744,361277
3745,361278
3746,361279
3747,361280
3748,361281
3749,361283
3750,361290
3751,361293
3752,361305
3753,361306
3754,361351
3755,361375
3756,361390
3757,361432
3758,361438
3759,361459
3760,361488
3761,361489
3762,361493
3763,361494
3764,361531
3765,361532
3766,361533
3767,361545
3768,361547
3769,361548
3770,361557
3771,361558
3772,361567
3773,361568
3774,361569
3775,361570
3776,361571
3777,361572
3778,361573
3779,361576
3780,361577
3781,361594
3782,361595
3783,361596
3784,361597
3785,361598
3786,361599
3787,361600
3788,361607
3789,361616
3790,361617
3791,361626
3792,361636
3793,361637
3794,361638
3795,361652
3796,361657
3797,361658
3798,361673
3799,361675
3800,361677
3801,361678
3802,361691
3803,361699
3804,361700
3805,361701
3806,361703
3807,361704
3808,361705
3809,361726
3810,361727
3811,361728
3812,361729
3813,361730
3814,361737
3815,361738
3816,361739
3817,361752
3818,361753
3819,361777
3820,361790
3821,361791
3822,361792
3823,361812
3824,361813
3825,361814
3826,361815
3827,361816
3828,361817
3829,361828
3830,361829
3831,361830
3832,361834
3833,361835
3834,361836
3835,361839
3836,361840
3837,361841
3838,361842
3839,361843
3840,361844
3841,361845
3842,361846
3843,361847
3844,361880
3845,361881
3846,361882
3847,361895
3848,361896
3849,361916
3850,361917
3851,361932
3852,361973
3853,361981
3854,361982
3855,361983
3856,361984
3857,361985
3858,361986
3859,361987
3860,362019
3861,362021
3862,362028
3863,362029
3864,362043
3865,362078
3866,362079
3867,362080
3868,362084
3869,362085
3870,362087
3871,362088
3872,362125
3873,362126
3874,362154
3875,362155
3876,362156
3877,362157
3878,362158
3879,362159
3880,362161
3881,362162
3882,362163
3883,362164
3884,362165
3885,362166
3886,362173
3887,362176
3888,362177
3889,362188
3890,362204
3891,362205
3892,362206
3893,362210
3894,362237
3895,362238
3896,362244
3897,362245
3898,362246
3899,362247
3900,362273
3901,362274
3902,362275
3903,362276
3904,362277
3905,362278
3906,362279
3907,362281
3908,362282
3909,362283
3910,362292
3911,362293
3912,362300
3913,362301
3914,362302
3915,362303
3916,362304
3917,362305
3918,362309
3919,362314
3920,362315
3921,362317
3922,362319
3923,362320
3924,362321
3925,362322
3926,362323
3927,362324
3928,362336
3929,362337
3930,362338
3931,362339
3932,362340
3933,362341
3934,362342
3935,362345
3936,362346
3937,362347
3938,362348
3939,362349
3940,362350
3941,362351
3942,362352
3943,362377
3944,362378
3945,362380
3946,362381
3947,362389
3948,362390
3949,362391
3950,362392
3951,362393
3952,362394
3953,362395
3954,362396
3955,362397
3956,362430
3957,362431
3958,362467
3959,362472
3960,362473
3961,362474
3962,362475
3963,362477
3964,362478
3965,362479
3966,362480
3967,362481
3968,362482
3969,362483
3970,362490
3971,362491
3972,362492
3973,362493
3974,362494
3975,362522
3976,362523
3977,362524
3978,362525
3979,362568
3980,362569
3981,362571
3982,362572
3983,362573
3984,362604
3985,362653
3986,362654
3987,362655
3988,362656
3989,362660
3990,362661
3991,362671
3992,362672
3993,362673
3994,362674
3995,362676
3996,362682
3997,362683
3998,362690
3999,362691
4000,362693
4001,362694
4002,362696
4003,362697
4004,362699
4005,362700
4006,362701
4007,362702
4008,362703
4009,362704
4010,362705
4011,362734
4012,362735
4013,362736
4014,362737
4015,362741
4016,362747
4017,362748
4018,362771
4019,362772
4020,362773
4021,362774
4022,362775
4023,362776
4024,362794
4025,362795
4026,362796
4027,362798
4028,362799
4029,362800
4030,362834
4031,362835
4032,362836
4033,362837
4034,362838
4035,362839
4036,362845
4037,362856
4038,362857
4039,362858
4040,362859
4041,362860
4042,362862
4043,362870
4044,362871
4045,362891
4046,362892
4047,362911
4048,362912
4049,362952
4050,363006
4051,363007
4052,363008
4053,363009
4054,363010
4055,363022
4056,363025
4057,363026
4058,363027
4059,363028
4060,363029
4061,363030
4062,363032
4063,363033
4064,363034
4065,363035
4066,363037
4067,363045
4068,363046
4069,363047
4070,363048
4071,363053
4072,363060
4073,363066
4074,363067
4075,363068
4076,363075
4077,363076
4078,363077
4079,363093
4080,363094
4081,363095
4082,363096
4083,363155
4084,363156
4085,363157
4086,363158
4087,363211
4088,363213
4089,363214
4090,363230
4091,363231
4092,363233
4093,363237
4094,363238
4095,363239
4096,363241
4097,363249
4098,363258
4099,363259
4100,363276
4101,363291
4102,363302
4103,363304
4104,363305
4105,363310
4106,363311
4107,363316
4108,363317
4109,363336
4110,363337
4111,363338
4112,363339
4113,363354
4114,363355
4115,363356
4116,363357
4117,363358
4118,363359
4119,363380
4120,363392
4121,363404
4122,363405
4123,363407
4124,363423
4125,363424
4126,363425
4127,363426
4128,363427
4129,363439
4130,363440
4131,363441
4132,363442
4133,363443
4134,363470
4135,363471
4136,363474
4137,363475
4138,363478
4139,363479
4140,363480
4141,363481
4142,363507
4143,363508
4144,363509
4145,363510
4146,363514
4147,363529
4148,363541
4149,363542
4150,363543
4151,363545
4152,363546
4153,363547
4154,363548
4155,363565
4156,363566
4157,363567
4158,363575
4159,363578
4160,363579
4161,363580
4162,363581
4163,363590
4164,363598
4165,363599
4166,363600
4167,363601
4168,363602
4169,363604
4170,363605
4171,363606
4172,363607
4173,363608
4174,363610
4175,363611
4176,363613
4177,363614
4178,363615
4179,363616
4180,363617
4181,363618
4182,363628
4183,363629
4184,363630
4185,363631
4186,363639
4187,363640
4188,363641
4189,363642
4190,363643
4191,363644
4192,363645
4193,363646
4194,363647
4195,363648
4196,363649
4197,363650
4198,363651
4199,363652
4200,363660
4201,363661
4202,363662
4203,363663
4204,363664
4205,363666
4206,363667
4207,363668
4208,363669
4209,363695
4210,363696
4211,363697
4212,363698
4213,363711
4214,363712
4215,363713
4216,363714
4217,363715
4218,363736
4219,363737
4220,363738
4221,363744
4222,363748
4223,363749
4224,363759
4225,363774
4226,363775
4227,363776
4228,363777
4229,363778
4230,363779
4231,363780
4232,363781
4233,363783
4234,363784
4235,363795
4236,363800
4237,363801
4238,363803
4239,363804
4240,363805
4241,363806
4242,363807
4243,363808
4244,363816
4245,363817
4246,363818
4247,363819
4248,363850
4249,363851
4250,363852
4251,363853
4252,363854
4253,363855
4254,363856
4255,363857
4256,363858
4257,363859
4258,363860
4259,363877
4260,363878
4261,363879
4262,363880
4263,363885
4264,363886
4265,363887
4266,363888
4267,363889
4268,363890
4269,363891
4270,363897
4271,363898
4272,363899
4273,363900
4274,363901
4275,363902
4276,363903
4277,363904
4278,363925
4279,363926
4280,363928
4281,363929
4282,363969
4283,363970
4284,363971
4285,363972
4286,363973
4287,363974
4288,363975
4289,363976
4290,363977
4291,363978
4292,363982
4293,363991
4294,364011
4295,364012
4296,364013
4297,364014
4298,364015
4299,364016
4300,364017
4301,364018
4302,364019
4303,364020
4304,364021
4305,364022
4306,364031
4307,364032
4308,364033
4309,364034
4310,364035
4311,364041
4312,364043
4313,364044
4314,364045
4315,364046
4316,364047
4317,364048
4318,364051
4319,364063
4320,364064
4321,364065
4322,364066
4323,364067
4324,364082
4325,364083
4326,364084
4327,364085
4328,364092
4329,364093
4330,364094
4331,364095
4332,364096
4333,364097
4334,364098
4335,364099
4336,364100
4337,364101
4338,364102
4339,364103
4340,364104
4341,364105
4342,364106
4343,364107
4344,364161
4345,364167
4346,364185
4347,364194
4348,364195
4349,364196
4350,364204
4351,364205
4352,364210
4353,364211
4354,364212
4355,364222
4356,364223
4357,364224
4358,364232
4359,364235
4360,364268
4361,364269
4362,364329
4363,364330
4364,364331
4365,364333
4366,364335
4367,364336
4368,364337
4369,364338
4370,364339
4371,364340
4372,364343
4373,364351
4374,364371
4375,364372
4376,364373
4377,364374
4378,364375
4379,364376
4380,364393
4381,364394
4382,364395
4383,364396
4384,364397
4385,364398
4386,364399
4387,364400
4388,364403
4389,364407
4390,364408
4391,364409
4392,364410
4393,364430
4394,364431
4395,364432
4396,364437
4397,364472
4398,364473
4399,364474
4400,364475
4401,364476
4402,364477
4403,364478
4404,364522
4405,364523
4406,364539
4407,364552
4408,364588
4409,364589
4410,364590
4411,364591
4412,364592
4413,364593
4414,364594
4415,364595
4416,364596
4417,364597
4418,364606
4419,364620
4420,364621
4421,364622
4422,364623
4423,364624
4424,364625
4425,364626
4426,364627
4427,364629
4428,364630
4429,364641
4430,364645
4431,364646
4432,364647
4433,364657
4434,364659
4435,364662
4436,364680
4437,364704
4438,364715
4439,364716
4440,364717
4441,364718
4442,364719
4443,364720
4444,364723
4445,364734
4446,364735
4447,364736
4448,364737
4449,364738
4450,364739
4451,364740
4452,364742
4453,364743
4454,364744
4455,364747
4456,364758
4457,364748
4458,364759
4459,364760
4460,364761
4461,364762
4462,364763
4463,364764
4464,364765
4465,364792
4466,364793
4467,364809
4468,364817
4469,364819
4470,364825
4471,364826
4472,364827
4473,364833
4474,364864
4475,364865
4476,364866
4477,364890
4478,364903
4479,364923
4480,364924
4481,364938
4482,364939
4483,364940
4484,364941
4485,364942
4486,364970
4487,364978
4488,364979
4489,364980
4490,364981
4491,364982
4492,364983
4493,364984
4494,364985
4495,364986
4496,364987
4497,364989
4498,365007
4499,365010
4500,365011
4501,365012
4502,365013
4503,365014
4504,365015
4505,365016
4506,365030
4507,365031
4508,365032
4509,365033
4510,365034
4511,365035
4512,365036
4513,365037
4514,365038
4515,365039
4516,365040
4517,365053
4518,365054
4519,365055
4520,365056
4521,365057
4522,365058
4523,365079
4524,365083
4525,365084
4526,365085
4527,365086
4528,365087
4529,365088
4530,365109
4531,365110
4532,365111
4533,365112
4534,365113
4535,365114
4536,365115
4537,365118
4538,365119
4539,365120
4540,365121
4541,365122
4542,365123
4543,365124
4544,365128
4545,365129
4546,365130
4547,365131
4548,365132
4549,365133
4550,365134
4551,365135
4552,365136
4553,365146
4554,365147
4555,365148
4556,365149
4557,365150
4558,365151
4559,365152
4560,365153
4561,365154
4562,365155
4563,365156
4564,365157
4565,365158
4566,365175
4567,365176
4568,365177
4569,365178
4570,365180
4571,365181
4572,365182
4573,365183
4574,365184
4575,365185
4576,365186
4577,365187
4578,365188
4579,365189
4580,365192
4581,365193
4582,365194
4583,365218
4584,365223
4585,365224
4586,365225
4587,365226
4588,365243
4589,365244
4590,365245
4591,365246
4592,365247
4593,365250
4594,365252
4595,365267
4596,365268
4597,365282
4598,365283
4599,365284
4600,365285
4601,365286
4602,365287
4603,365338
4604,365340
4605,365341
4606,365409
4607,365419
4608,365438
4609,365439
4610,365525
4611,365526
4612,365527
4613,365528
4614,365529
4615,365530
4616,365531
4617,365532
4618,365546
4619,365555
4620,365556
4621,365557
4622,365558
4623,365567
4624,365568
4625,365569
4626,365570
4627,365575
4628,365584
4629,365585
4630,365586
4631,365587
4632,365588
4633,365599
4634,365600
4635,365601
4636,365602
4637,365603
4638,365604
4639,365609
4640,365622
4641,365630
4642,365631
4643,365664
4644,365665
4645,365666
4646,365667
4647,365690
4648,365691
4649,365692
4650,365693
4651,365694
4652,365695
4653,365696
4654,365697
4655,365698
4656,365699
4657,365700
4658,365701
4659,365702
4660,365723
4661,365724
4662,365725
4663,365726
4664,365727
4665,365728
4666,365729
4667,365730
4668,365731
4669,365732
4670,365733
4671,365734
4672,365735
4673,365736
4674,365751
4675,365752
4676,365753
4677,365754
4678,365755
4679,365756
4680,365757
4681,365758
4682,365759
4683,365760
4684,365761
4685,365764
4686,365765
4687,365766
4688,365777
4689,365778
4690,365779
4691,365782
4692,365794
4693,365798
4694,365839
4695,365840
4696,365841
4697,365842
4698,365843
4699,365844
4700,365845
4701,365846
4702,365847
4703,365848
4704,365854
4705,365855
4706,365856
4707,365878
4708,365879
4709,365880
4710,365893
4711,365894
4712,365895
4713,365896
4714,365897
4715,365898
4716,365908
4717,365909
4718,365911
4719,365912
4720,365913
4721,365914
4722,365915
4723,365916
4724,365917
4725,365969
4726,365971
4727,365972
4728,365973
4729,365974
4730,365975
4731,365976
4732,365977
4733,365978
4734,365979
4735,365980
4736,365981
4737,365982
4738,365989
4739,365990
4740,366023
4741,366024
4742,366025
4743,366034
4744,366041
4745,366042
4746,366046
4747,366049
4748,366050
4749,366051
4750,366052
4751,366053
4752,366054
4753,366055
4754,366056
4755,366057
4756,366070
4757,366071
4758,366081
4759,366082
4760,366083
4761,366084
4762,366085
4763,366086
4764,366087
4765,366088
4766,366089
4767,366090
4768,366095
4769,366096
4770,366097
4771,366098
4772,366099
4773,366100
4774,366101
4775,366102
4776,366112
4777,366114
4778,366115
4779,366116
4780,366117
4781,366118
4782,366119
4783,366135
4784,366176
4785,366177
4786,366178
4787,366179
4788,366180
4789,366182
4790,366183
4791,366184
4792,366200
4793,366215
4794,366216
4795,366221
4796,366222
4797,366236
4798,366237
4799,366238
4800,366239
4801,366240
4802,366241
4803,366266
4804,366267
4805,366268
4806,366272
4807,366273
4808,366325
4809,366326
4810,366327
4811,366328
4812,366356
4813,366357
4814,366358
4815,366359
4816,366363
4817,366364
4818,366365
4819,366366
4820,366395
4821,366400
4822,366401
4823,366402
4824,366403
4825,366404
4826,366405
4827,366406
4828,366407
4829,366431
4830,366432
4831,366433
4832,366434
4833,366435
4834,366436
4835,366437
4836,366452
4837,366453
4838,366454
4839,366455
4840,366456
4841,366459
4842,366495
4843,366496
4844,366497
4845,366498
4846,366499
4847,366500
4848,366501
4849,366546
4850,366554
4851,366555
4852,366556
4853,366557
4854,366558
4855,366564
4856,366588
4857,366589
4858,366590
4859,366591
4860,366592
4861,366593
4862,366594
4863,366595
4864,366645
4865,366646
4866,366647
4867,366659
4868,366676
4869,366677
4870,366694
4871,366695
4872,366696
4873,366697
4874,366698
4875,366699
4876,366700
4877,366723
4878,366729
4879,366751
4880,366752
4881,366777
4882,366813
4883,366814
4884,366933
4885,366934
4886,366937
4887,366938
4888,366939
4889,366967
4890,366968
4891,366969
4892,366970
4893,366971
4894,366972
4895,366974
4896,366975
4897,366977
4898,366980
4899,366983
4900,366984
4901,366985
4902,366986
4903,367011
4904,367012
4905,367016
4906,367017
4907,367027
4908,367028
4909,367029
4910,367030
4911,367031
4912,367032
4913,367040
4914,367041
4915,367042
4916,367043
4917,367044
4918,367045
4919,367046
4920,367047
4921,367048
4922,367049
4923,367050
4924,367056
4925,367057
4926,367058
4927,367059
4928,367060
4929,367061
4930,367062
4931,367071
4932,367072
4933,367073
4934,367074
4935,367078
4936,367079
4937,367080
4938,367111
4939,367112
4940,367113
4941,367114
4942,367115
4943,367134
4944,367135
4945,367136
4946,367137
4947,367138
4948,367139
4949,367152
4950,367153
4951,367154
4952,367155
4953,367156
4954,367157
4955,367158
4956,367159
4957,367160
4958,367161
4959,367162
4960,367163
4961,367164
4962,367165
4963,367166
4964,367179
4965,367180
4966,367181
4967,367199
4968,367200
4969,367201
4970,367232
4971,367233
4972,367234
4973,367235
4974,367236
4975,367237
4976,367238
4977,367239
4978,367240
4979,367241
4980,367242
4981,367258
4982,367259
4983,367260
4984,367261
4985,367280
4986,367281
4987,367282
4988,367283
4989,367284
4990,367285
4991,367317
4992,367371
4993,367372
4994,367373
4995,367374
4996,367375
4997,367376
4998,367413
4999,367414
5000,367415
5001,367423
5002,367424
5003,367425
5004,367426
5005,367427
5006,367428
5007,367429
5008,367462
5009,367470
5010,367471
5011,367472
5012,367473
5013,367474
5014,367475
5015,367485
5016,367486
5017,367487
5018,367488
5019,367489
5020,367490
5021,367506
5022,367507
5023,367509
5024,367510
5025,367551
5026,367552
5027,367553
5028,367591
5029,367592
5030,367637
5031,367639
5032,367640
5033,367641
5034,367652
5035,367653
5036,367654
5037,367655
5038,367656
5039,367657
5040,367658
5041,367659
5042,367660
5043,367661
5044,367666
5045,367667
5046,367691
5047,367692
5048,367693
5049,367694
5050,367713
5051,367714
5052,367715
5053,367716
5054,367717
5055,367718
5056,367719
5057,367720
5058,367721
5059,367722
5060,367723
5061,367747
5062,367748
5063,367749
5064,367751
5065,367754
5066,367755
5067,367756
5068,367757
5069,367789
5070,367790
5071,367794
5072,367800
5073,367828
5074,367829
5075,367830
5076,367831
5077,367835
5078,367836
5079,367837
5080,367838
5081,367839
5082,367840
5083,367845
5084,367846
5085,367847
5086,367851
5087,367852
5088,367853
5089,367874
5090,367875
5091,367876
5092,367877
5093,367878
5094,367879
5095,367880
5096,367881
5097,367883
5098,367884
5099,367885
5100,367886
5101,367922
5102,367923
5103,367924
5104,367925
5105,367971
5106,367972
5107,367973
5108,368011
5109,368013
5110,368014
5111,368015
5112,368016
5113,368017
5114,368018
5115,368033
5116,368079
5117,368165
5118,368166
5119,368173
5120,368174
5121,368176
5122,368177
5123,368232
5124,368233
5125,368236
5126,368237
5127,368265
5128,368266
5129,368267
5130,368268
5131,368269
5132,368270
5133,368271
5134,368272
5135,368273
5136,368283
5137,368284
5138,368285
5139,368286
5140,368287
5141,368288
5142,368289
5143,368291
5144,368292
5145,368293
5146,368294
5147,368295
5148,368296
5149,368317
5150,368318
5151,368319
5152,368320
5153,368321
5154,368322
5155,368323
5156,368324
5157,368343
5158,368344
5159,368345
5160,368346
5161,368438
5162,368439
5163,368440
5164,368441
5165,368442
5166,368443
5167,368444
5168,368445
5169,368446
5170,368447
5171,368449
5172,368450
5173,368451
5174,368452
5175,368453
5176,368454
5177,368455
5178,368466
5179,368467
5180,368475
5181,368479
5182,368486
5183,368487
5184,368488
5185,368489
5186,368492
5187,368504
5188,368505
5189,368506
5190,368510
5191,368524
5192,368525
5193,368526
5194,368527
5195,368528
5196,368529
5197,368530
5198,368534
5199,368535
5200,368536
5201,368537
5202,368553
5203,368555
5204,368561
5205,368573
5206,368574
5207,368575
5208,368576
5209,368585
5210,368586
5211,368587
5212,368716
5213,368717
5214,368718
5215,368719
5216,368724
5217,368725
5218,368737
5219,368759
5220,368760
5221,368762
5222,368763
5223,368764
5224,368765
5225,368766
5226,368767
5227,368768
5228,368769
5229,368770
5230,368771
5231,368772
5232,368775
5233,368776
5234,368787
5235,368788
5236,368789
5237,368790
5238,368791
5239,368792
5240,368793
5241,368794
5242,368837
5243,368838
5244,368839
5245,368840
5246,368852
5247,368853
5248,368854
5249,368888
5250,368889
5251,368890
5252,368891
5253,368892
5254,368893
5255,368894
5256,368895
5257,368898
5258,368931
5259,368932
5260,368933
5261,368934
5262,368935
5263,368936
5264,368937
5265,368938
5266,368957
5267,368961
5268,368962
5269,368963
5270,368964
5271,368965
5272,368966
5273,368967
5274,368968
5275,368969
5276,368970
5277,368971
5278,368972
5279,368973
5280,368974
5281,368975
5282,368976
5283,369011
5284,369012
5285,369013
5286,369014
5287,369023
5288,369024
5289,369076
5290,369077
5291,369078
5292,369081
5293,369098
5294,369102
5295,369114
5296,369123
5297,369124
5298,369125
5299,369126
5300,369128
5301,369156
5302,369157
5303,369158
5304,369159
5305,369160
5306,369161
5307,369190
5308,369208
5309,369212
5310,369213
5311,369214
5312,369215
5313,369216
5314,369226
5315,369229
5316,369230
5317,369231
5318,369232
5319,369262
5320,369263
5321,369264
5322,369265
5323,369266
5324,369267
5325,369268
5326,369269
5327,369270
5328,369296
5329,369297
5330,369298
5331,369299
5332,369300
5333,369301
5334,369398
5335,369399
5336,369400
5337,369401
5338,369402
5339,369403
5340,369439
5341,369440
5342,369441
5343,369442
5344,369443
5345,369444
5346,369477
5347,369478
5348,369479
5349,369480
5350,369481
5351,369482
5352,369483
5353,369484
5354,369485
5355,369486
5356,369487
5357,369488
5358,369489
5359,369502
5360,369503
5361,369504
5362,369505
5363,369506
5364,369507
5365,369509
5366,369510
5367,369511
5368,369512
5369,369513
5370,369514
5371,369525
5372,369581
5373,369592
5374,369594
5375,369599
5376,369600
5377,369616
5378,369617
5379,369618
5380,369619
5381,369620
5382,369621
5383,369622
5384,369623
5385,369627
5386,369630
5387,369631
5388,369688
5389,369691
5390,369693
5391,369694
5392,369722
5393,369723
5394,369724
5395,369738
5396,369746
5397,369751
5398,369752
5399,369753
5400,369754
5401,369755
5402,369756
5403,369783
5404,369784
5405,369785
5406,369786
5407,369787
5408,369788
5409,369789
5410,369790
5411,369794
5412,369803
5413,369804
5414,369805
5415,369806
5416,369807
5417,369808
5418,369809
5419,369813
5420,369814
5421,369815
5422,369816
5423,369836
5424,369837
5425,369838
5426,369839
5427,369840
5428,369842
5429,369843
5430,369844
5431,369845
5432,369846
5433,369847
5434,369848
5435,369849
5436,369850
5437,369851
5438,369879
5439,369887
5440,369888
5441,369940
5442,369941
5443,370054
5444,370055
5445,370056
5446,370057
5447,370058
5448,370084
5449,370085
5450,370086
5451,370087
5452,370097
5453,370098
5454,370099
5455,370100
5456,370101
5457,370102
5458,370103
5459,370104
5460,370105
5461,370106
5462,370107
5463,370159
5464,370160
5465,370170
5466,370171
5467,370172
5468,370183
5469,370184
5470,370185
5471,370186
5472,370187
5473,370194
5474,370195
5475,370196
5476,370212
5477,370213
5478,370214
5479,370215
5480,370216
5481,370217
5482,370218
5483,370242
5484,370243
5485,370244
5486,370245
5487,370246
5488,370247
5489,370248
5490,370249
5491,370269
5492,370270
5493,370271
5494,370272
5495,370273
5496,370274
5497,370275
5498,370280
5499,370281
5500,370282
5501,370283
5502,370284
5503,370285
5504,370286
5505,370287
5506,370321
5507,370323
5508,370324
5509,370375
5510,370376
5511,370378
5512,370379
5513,370383
5514,370384
5515,370390
5516,370392
5517,370426
5518,370462
5519,370463
5520,370471
5521,370472
5522,370473
5523,370474
5524,370475
5525,370476
5526,370477
5527,370478
5528,370479
5529,370480
5530,370485
5531,370508
5532,370509
5533,370510
5534,370511
5535,370524
5536,370525
5537,370527
5538,370528
5539,370529
5540,370530
5541,370569
5542,370570
5543,370579
5544,370580
5545,370581
5546,370602
5547,370603
5548,370604
5549,370605
5550,370608
5551,370616
5552,370617
5553,370618
5554,370619
5555,370620
5556,370621
5557,370622
5558,370623
5559,370624
5560,370625
5561,370626
5562,370652
5563,370653
5564,370668
5565,370669
5566,370670
5567,370674
5568,370695
5569,370696
5570,370699
5571,370700
5572,370701
5573,370720
5574,370722
5575,370747
5576,370762
5577,370779
5578,370780
5579,370781
5580,370782
5581,370797
5582,370798
5583,370799
5584,370800
5585,370801
5586,370836
5587,370837
5588,370838
5589,370839
5590,370840
5591,370841
5592,370844
5593,370875
5594,370876
5595,370877
5596,370878
5597,370889
5598,370891
5599,370894
5600,370907
5601,370908
5602,370909
5603,370910
5604,370922
5605,370926
5606,370927
5607,370928
5608,370930
5609,370931
5610,370934
5611,370936
5612,370937
5613,370938
5614,370939
5615,370940
5616,370941
5617,370984
5618,370985
5619,370986
5620,370987
5621,370988
5622,370989
5623,370990
5624,370991
5625,370992
5626,370993
5627,370994
5628,370995
5629,370996
5630,370997
5631,371005
5632,371006
5633,371007
5634,371008
5635,371009
5636,371018
5637,371019
5638,371020
5639,371021
5640,371023
5641,371038
5642,371039
5643,371040
5644,371041
5645,371042
5646,371043
5647,371044
5648,371045
5649,371046
5650,371063
5651,371066
5652,371067
5653,371068
5654,371115
5655,371116
5656,371117
5657,371118
5658,371119
5659,371120
5660,371121
5661,371122
5662,371125
5663,371138
5664,371139
5665,371140
5666,371141
5667,371142
5668,371143
5669,371145
5670,371146
5671,371147
5672,371157
5673,371158
5674,371159
5675,371160
5676,371174
5677,371175
5678,371184
5679,371196
5680,371197
5681,371198
5682,371199
5683,371200
5684,371225
5685,371226
5686,371227
5687,371228
5688,371229
5689,371230
5690,371231
5691,371232
5692,371233
5693,371234
5694,371235
5695,371262
5696,371269
5697,371270
5698,371271
5699,371272
5700,371273
5701,371296
5702,371297
5703,371298
5704,371299
5705,371302
5706,371304
5707,371306
5708,371314
5709,371315
5710,371316
5711,371317
5712,371318
5713,371319
5714,371320
5715,371326
5716,371327
5717,371328
5718,371329
5719,371330
5720,371341
5721,371342
5722,371362
5723,371363
5724,371364
5725,371365
5726,371366
5727,371367
5728,371368
5729,371369
5730,371370
5731,371371
5732,371379
5733,371380
5734,371385
5735,371386
5736,371387
5737,371391
5738,371392
5739,371393
5740,371394
5741,371398
5742,371404
5743,371405
5744,371406
5745,371407
5746,371416
5747,371426
5748,371427
5749,371428
5750,371429
5751,371430
5752,371431
5753,371432
5754,371433
5755,371434
5756,371435
5757,371436
5758,371456
5759,371458
5760,371471
5761,371472
5762,371474
5763,371483
5764,371486
5765,371490
5766,371491
5767,371492
5768,371494
5769,371495
5770,371496
5771,371516
5772,371517
5773,371518
5774,371519
5775,371520
5776,371521
5777,371522
5778,371523
5779,371524
5780,371537
5781,371538
5782,371539
5783,371540
5784,371541
5785,371542
5786,371543
5787,371544
5788,371545
5789,371562
5790,371574
5791,371575
5792,371576
5793,371577
5794,371578
5795,371579
5796,371580
5797,371581
5798,371582
5799,371583
5800,371584
5801,371585
5802,371586
5803,371607
5804,371608
5805,371609
5806,371610
5807,371612
5808,371613
5809,371614
5810,371615
5811,371616
5812,371617
5813,371628
5814,371655
5815,371657
5816,371658
5817,371660
5818,371661
5819,371669
5820,371675
5821,371676
5822,371677
5823,371678
5824,371679
5825,371680
5826,371681
5827,371693
5828,371700
5829,371723
5830,371724
5831,371725
5832,371739
5833,371742
5834,371743
5835,371744
5836,371753
5837,371754
5838,371755
5839,371756
5840,371758
5841,371770
5842,371771
5843,371772
5844,371773
5845,371774
5846,371775
5847,371776
5848,371777
5849,371778
5850,371779
5851,371780
5852,371785
5853,371786
5854,371787
5855,371798
5856,371813
5857,371814
5858,371815
5859,371816
5860,371817
5861,371818
5862,371819
5863,371820
5864,371825
5865,371826
5866,371827
5867,371836
5868,371837
5869,371841
5870,371842
5871,371854
5872,371870
5873,371871
5874,371872
5875,371873
5876,371878
5877,371882
5878,371888
5879,371889
5880,371890
5881,371891
5882,371892
5883,371893
5884,371913
5885,371914
5886,371915
5887,371927
5888,371932
5889,371987
5890,371988
5891,371989
5892,371990
5893,372002
5894,372003
5895,372004
5896,372005
5897,372006
5898,372012
5899,372013
5900,372016
5901,372017
5902,372018
5903,372019
5904,372020
5905,372021
5906,372022
5907,372023
5908,372024
5909,372035
5910,372036
5911,372037
5912,372038
5913,372039
5914,372086
5915,372087
5916,372088
5917,372089
5918,372090
5919,372091
5920,372104
5921,372105
5922,372107
5923,372108
5924,372109
5925,372110
5926,372115
5927,372124
5928,372125
5929,372126
5930,372136
5931,372137
5932,372138
5933,372139
5934,372154
5935,372155
5936,372156
5937,372157
5938,372158
5939,372159
5940,372160
5941,372161
5942,372162
5943,372163
5944,372164
5945,372165
5946,372177
5947,372178
5948,372179
5949,372182
5950,372183
5951,372200
5952,372201
5953,372202
5954,372203
5955,372226
5956,372227
5957,372232
5958,372233
5959,372234
5960,372235
5961,372236
5962,372246
5963,372250
5964,372251
5965,372278
5966,372279
5967,372315
5968,372316
5969,372320
5970,372321
5971,372333
5972,372334
5973,372369
5974,372370
5975,372371
5976,372372
5977,372373
5978,372374
5979,372375
5980,372376
5981,372377
5982,372378
5983,372382
5984,372383
5985,372410
5986,372411
5987,372412
5988,372413
5989,372414
5990,372415
5991,372416
5992,372417
5993,372418
5994,372458
5995,372459
5996,372460
5997,372461
5998,372462
5999,372463
6000,372464
6001,372465
6002,372476
6003,372492
6004,372493
6005,372499
6006,372500
6007,372506
6008,372520
6009,372521
6010,372522
6011,372537
6012,372606
6013,372608
6014,372619
6015,372621
6016,372622
6017,372633
6018,372635
6019,372636
6020,372637
6021,372638
6022,372639
6023,372661
6024,372662
6025,372663
6026,372664
6027,372665
6028,372668
6029,372669
6030,372670
6031,372671
6032,372672
6033,372673
6034,372676
6035,372677
6036,372678
6037,372679
6038,372681
6039,372698
6040,372700
6041,372701
6042,372703
6043,372706
6044,372709
6045,372710
6046,372736
6047,372737
6048,372745
6049,372746
6050,372747
6051,372795
6052,372796
6053,372870
6054,372881
6055,372882
6056,372893
6057,372906
6058,372918
6059,372926
6060,372927
6061,372928
6062,372929
6063,372930
6064,372931
6065,372937
6066,372938
6067,372939
6068,372950
6069,372952
6070,372956
6071,372957
6072,372961
6073,372962
6074,372963
6075,372964
6076,372965
6077,372966
6078,372968
6079,372969
6080,372996
6081,372997
6082,372998
6083,372999
6084,373000
6085,373002
6086,373003
6087,373004
6088,373007
6089,373012
6090,373013
6091,373014
6092,373015
6093,373029
6094,373030
6095,373059
6096,373060
6097,373061
6098,373067
6099,373068
6100,373069
6101,373070
6102,373073
6103,373074
6104,373075
6105,373076
6106,373078
6107,373103
6108,373105
6109,373121
6110,373122
6111,373129
6112,373130
6113,373131
6114,373132
6115,373133
6116,373134
6117,373184
6118,373185
6119,373186
6120,373187
6121,373188
6122,373189
6123,363216
6124,373216
6125,363217
6126,373217
6127,373219
6128,373220
6129,373221
6130,373275
6131,373276
6132,373277
6133,373278
6134,373279
6135,373280
6136,373281
6137,373282
6138,373283
6139,373284
6140,373292
6141,373295
6142,373296
6143,373297
6144,373298
6145,373302
6146,373335
6147,373336
6148,373397
6149,373419
6150,373422
6151,373458
6152,373459
6153,373463
6154,373509
6155,373510
6156,373511
6157,373512
6158,373517
6159,373518
6160,373519
6161,373520
6162,373521
6163,373522
6164,373523
6165,373524
6166,373525
6167,373526
6168,373538
6169,373539
6170,373540
6171,373541
6172,373542
6173,373543
6174,373544
6175,373577
6176,373578
6177,373583
6178,373619
6179,373620
6180,373621
6181,373627
6182,373638
6183,373639
6184,373640
6185,373644
6186,373651
6187,373653
6188,373654
6189,373655
6190,373667
6191,373668
6192,373680
6193,373681
6194,373682
6195,373683
6196,373684
6197,373685
6198,373706
6199,373707
6200,373708
6201,373713
6202,373714
6203,373715
6204,373717
6205,373718
6206,373719
6207,373720
6208,373740
6209,373741
6210,373742
6211,373743
6212,373757
6213,373758
6214,373759
6215,373770
6216,373771
6217,373772
6218,373773
6219,373816
6220,373818
6221,373855
6222,373856
6223,373857
6224,373858
6225,373861
6226,373869
6227,373870
6228,373871
6229,373872
6230,373873
6231,373874
6232,373875
6233,373881
6234,373882
6235,373883
6236,373884
6237,373885
6238,373890
6239,373896
6240,373904
6241,373905
6242,373906
6243,373907
6244,373908
6245,373909
6246,373910
6247,373911
6248,373912
6249,373913
6250,373928
6251,373929
6252,373930
6253,373931
6254,373932
6255,373933
6256,373934
6257,373935
6258,373936
6259,373937
6260,373939
6261,373940
6262,373958
6263,373959
6264,373960
6265,373961
6266,373962
6267,373963
6268,373964
6269,374012
6270,374014
6271,374016
6272,374017
6273,374020
6274,374061
6275,374088
6276,374089
6277,374090
6278,374091
6279,374092
6280,374093
6281,374094
6282,374095
6283,374099
6284,374100
6285,374158
6286,374159
6287,374160
6288,374161
6289,374275
6290,374276
6291,374285
6292,374286
6293,374288
6294,374294
6295,374295
6296,374346
6297,374347
6298,374364
6299,374382
6300,374406
6301,374409
6302,374410
6303,374454
6304,374455
6305,374487
6306,374488
6307,374493
6308,374497
6309,374506
6310,374508
6311,374509
6312,374511
6313,374513
6314,374534
6315,374535
6316,374562
6317,374598
6318,374599
6319,374601
6320,374614
6321,374615
6322,374616
6323,374626
6324,374627
6325,374628
6326,374675
6327,374676
6328,374707
6329,374710
6330,374711
6331,374713
6332,374714
6333,374715
6334,374716
6335,374835
6336,374836
6337,374844
6338,374882
6339,374900
6340,374915
6341,374929
6342,374930
6343,374931
6344,374951
6345,374969
6346,374970
6347,374973
6348,374974
6349,375002
6350,375003
6351,375004
6352,375021
6353,375035
6354,375061
6355,375062
6356,375063
6357,375064
6358,375106
6359,375107
6360,375108
6361,375148
6362,375149
6363,375150
6364,375158
6365,375159
6366,375163
6367,375164
6368,375165
6369,375167
6370,375169
6371,375172
6372,375173
6373,375174
6374,375175
6375,375176
6376,375218
6377,375224
6378,375225
6379,375226
6380,375227
6381,375237
6382,375248
6383,375253
6384,375255
6385,375259
6386,375260
6387,375273
6388,375275
6389,375276
6390,375278
6391,375279
6392,375282
6393,375283
6394,375284
6395,375285
6396,375288
6397,375289
6398,375290
6399,375291
6400,375292
6401,375293
6402,375307
6403,375308
6404,375314
6405,375315
6406,375316
6407,375317
6408,375318
6409,375319
6410,375320
6411,375321
6412,375362
6413,375363
6414,375364
6415,375365
6416,375371
6417,375372
6418,375373
6419,375394
6420,375395
6421,375409
6422,375410
6423,375411
6424,375412
6425,375413
6426,375414
6427,375415
6428,375424
6429,375425
6430,375426
6431,375427
6432,375434
6433,375435
6434,375436
6435,375437
6436,375470
6437,375556
6438,375557
6439,375558
6440,375560
6441,375561
6442,375562
6443,375565
6444,375586
6445,375587
6446,375588
6447,375589
6448,375591
6449,375592
6450,375604
6451,375607
6452,375608
6453,375609
6454,375610
6455,375627
6456,375628
6457,375629
6458,375630
6459,375631
6460,375632
6461,375633
6462,375634
6463,375639
6464,375651
6465,375652
6466,375653
6467,375654
6468,375655
6469,375656
6470,375660
6471,375661
6472,375662
6473,375663
6474,375664
6475,375665
6476,375671
6477,375672
6478,375679
6479,375680
6480,375681
6481,375682
6482,375683
6483,375684
6484,375685
6485,375686
6486,375687
6487,375688
6488,375689
6489,375691
6490,375695
6491,375696
6492,375697
6493,375698
6494,375699
6495,375700
6496,375701
6497,375715
6498,375716
6499,375717
6500,375718
6501,375721
6502,375722
6503,375773
6504,375795
6505,375796
6506,375798
6507,375799
6508,375806
6509,375807
6510,375808
6511,375809
6512,375810
6513,375811
6514,375812
6515,375813
6516,375826
6517,375827
6518,375830
6519,375831
6520,375832
6521,375833
6522,375867
6523,375868
6524,375869
6525,375870
6526,375871
6527,375872
6528,375876
6529,375877
6530,375878
6531,375879
6532,375897
6533,375898
6534,375899
6535,375900
6536,375902
6537,375903
6538,375904
6539,375905
6540,375945
6541,375946
6542,375947
6543,375948
6544,375949
6545,375950
6546,375951
6547,375952
6548,375953
6549,375954
6550,375987
6551,375988
6552,375989
6553,375990
6554,375991
6555,375992
6556,375993
6557,376014
6558,376015
6559,376016
6560,376017
6561,376018
6562,376019
6563,376020
6564,376021
6565,376034
6566,376035
6567,376036
6568,376037
6569,376038
6570,376039
6571,376040
6572,376041
6573,376042
6574,376067
6575,376093
6576,376094
6577,376098
6578,376099
6579,376100
6580,376101
6581,376104
6582,376105
6583,376106
6584,376107
6585,376123
6586,376124
6587,376145
6588,376146
6589,376159
6590,376160
6591,376282
6592,376292
6593,376293
6594,376320
6595,376326
6596,376328
6597,376344
6598,376345
6599,376346
6600,376347
6601,376350
6602,376351
6603,376381
6604,376382
6605,376383
6606,376385
6607,376386
6608,376387
6609,376389
6610,376390
6611,376391
6612,376392
6613,376393
6614,376394
6615,376436
6616,376437
6617,376438
6618,376439
6619,376441
6620,376442
6621,376443
6622,376444
6623,376474
6624,376475
6625,376476
6626,376477
6627,376486
6628,376487
6629,376489
6630,376490
6631,376491
6632,376492
6633,376493
6634,376494
6635,376495
6636,376512
6637,376513
6638,376515
6639,376516
6640,376517
6641,376518
6642,376546
6643,376547
6644,376558
6645,376563
6646,376564
6647,376565
6648,376568
6649,376574
6650,376575
6651,376576
6652,376577
6653,376578
6654,376636
6655,376647
6656,376648
6657,376649
6658,376650
6659,376695
6660,376696
6661,376716
6662,376717
6663,376718
6664,376721
6665,376722
6666,376723
6667,376724
6668,376725
6669,376726
6670,376727
6671,376728
6672,376729
6673,376730
6674,376731
6675,376735
6676,376756
6677,376757
6678,376783
6679,376784
6680,376785
6681,376786
6682,376787
6683,376788
6684,376791
6685,376792
6686,376802
6687,376803
6688,376804
6689,376805
6690,376806
6691,376809
6692,376810
6693,376811
6694,376835
6695,376836
6696,377074
6697,377145
6698,377146
6699,377147
6700,377148
6701,377149
6702,377150
6703,377152
6704,377153
6705,377158
6706,377159
6707,377186
6708,377189
6709,377190
6710,377194
6711,377195
6712,377196
6713,377197
6714,377198
6715,377199
6716,377200
6717,377204
6718,377213
6719,377215
6720,377216
6721,377233
6722,377234
6723,377235
6724,377237
6725,377238
6726,377239
6727,377240
6728,377241
6729,377242
6730,377243
6731,377244
6732,377260
6733,377261
6734,377262
6735,377263
6736,377267
6737,377268
6738,377269
6739,377323
6740,377324
6741,377325
6742,377326
6743,377327
6744,377328
6745,377329
6746,377330
6747,377339
6748,377340
6749,377347
6750,377348
6751,377349
6752,377350
6753,377358
6754,377359
6755,377360
6756,377361
6757,377373
6758,377374
6759,377376
6760,377390
6761,377391
6762,377392
6763,377393
6764,377394
6765,377395
6766,377396
6767,377397
6768,377398
6769,377399
6770,377411
6771,377424
6772,377425
6773,377426
6774,377427
6775,377428
6776,377429
6777,377438
6778,377445
6779,377446
6780,377447
6781,377448
6782,377449
6783,377450
6784,377451
6785,377452
6786,377453
6787,377454
6788,377458
6789,377489
6790,377490
6791,377491
6792,377492
6793,377493
6794,377494
6795,377495
6796,377497
6797,377498
6798,377503
6799,377504
6800,377526
6801,377527
6802,377528
6803,377529
6804,377530
6805,377531
6806,377532
6807,377533
6808,377534
6809,377541
6810,377545
6811,377546
6812,377547
6813,377548
6814,377549
6815,377550
6816,377551
6817,377552
6818,377553
6819,377554
6820,377574
6821,377575
6822,377576
6823,377577
6824,377578
6825,377579
6826,377580
6827,377581
6828,377582
6829,377583
6830,377595
6831,377599
6832,377608
6833,377629
6834,377630
6835,377631
6836,377632
6837,377633
6838,377646
6839,377680
6840,377681
6841,377682
6842,377683
6843,377684
6844,377685
6845,377686
6846,377687
6847,377688
6848,377689
6849,377690
6850,377691
6851,377692
6852,377693
6853,377705
6854,377706
6855,377716
6856,377717
6857,377719
6858,377720
6859,377737
6860,377740
6861,377741
6862,377742
6863,377743
6864,377744
6865,377745
6866,377746
6867,377789
6868,377790
6869,377803
6870,377810
6871,377811
6872,377826
6873,377827
6874,377828
6875,377829
6876,377830
6877,377831
6878,377832
6879,377833
6880,377858
6881,377859
6882,377860
6883,377861
6884,377888
6885,377889
6886,377890
6887,377891
6888,377892
6889,377893
6890,377894
6891,377895
6892,377954
6893,377955
6894,377956
6895,377958
6896,377959
6897,377960
6898,377963
6899,377964
6900,377965
6901,377966
6902,377967
6903,378016
6904,378017
6905,378019
6906,378041
6907,378042
6908,378043
6909,378044
6910,378045
6911,378046
6912,378047
6913,378090
6914,378091
6915,378092
6916,378093
6917,378094
6918,378095
6919,378151
6920,378152
6921,378153
6922,378155
6923,378156
6924,378236
6925,378237
6926,378238
6927,378239
6928,378240
6929,378289
6930,378290
6931,378291
6932,378292
6933,378317
6934,378318
6935,378320
6936,378321
6937,378323
6938,378378
6939,378402
6940,378403
6941,378404
6942,378405
6943,378406
6944,378407
6945,378411
6946,378425
6947,378426
6948,378427
6949,378460
6950,378461
6951,378462
6952,378463
6953,378464
6954,378465
6955,378466
6956,378467
6957,378483
6958,378484
6959,378503
6960,378504
6961,378551
6962,378552
6963,378554
6964,378555
6965,378565
6966,378566
6967,378567
6968,378610
6969,378611
6970,378612
6971,378613
6972,378668
6973,378669
6974,378670
6975,378685
6976,378686
6977,378688
6978,378690
6979,378691
6980,378692
6981,378693
6982,378694
6983,378730
6984,378731
6985,378732
6986,378733
6987,378786
6988,378787
6989,378801
6990,378828
6991,378840
6992,378858
6993,378882
6994,378883
6995,378889
6996,378890
6997,378891
6998,378892
6999,378919
7000,378920
7001,378951
7002,378952
7003,378954
7004,378957
7005,378958
7006,379021
7007,379022
7008,379023
7009,379024
7010,379025
7011,379026
7012,379037
7013,379038
7014,379039
7015,379080
7016,379081
7017,379082
7018,379083
7019,379084
7020,379085
7021,379086
7022,379087
7023,379088
7024,379089
7025,379090
7026,379139
7027,379159
7028,379160
7029,379171
7030,379172
7031,379173
7032,379174
7033,379185
7034,379186
7035,379187
7036,379188
7037,379189
7038,379190
7039,379191
7040,379192
7041,379193
7042,379194
7043,379209
7044,379244
7045,379245
7046,379246
7047,379247
7048,379249
7049,379251
7050,379252
7051,379253
7052,379254
7053,379255
7054,379256
7055,379257
7056,379279
7057,379280
7058,379281
7059,379282
7060,379283
7061,379284
7062,379285
7063,379286
7064,379287
7065,379326
7066,379327
7067,379328
7068,379329
7069,379330
7070,379331
7071,379382
7072,379383
7073,379456
7074,379521
7075,379522
7076,379546
7077,379547
7078,379566
7079,379567
7080,379568
7081,379569
7082,379570
7083,379610
7084,379659
7085,379660
7086,379661
7087,379662
7088,379674
7089,379684
7090,379685
7091,379686
7092,379687
7093,379688
7094,379689
7095,379690
7096,379691
7097,379699
7098,379700
7099,379701
7100,379702
7101,379846
7102,379847
7103,379856
7104,379858
7105,379859
7106,379860
7107,379861
7108,379862
7109,379864
7110,379866
7111,379867
7112,379868
7113,379870
7114,379871
7115,379875
7116,379876
7117,379877
7118,379878
7119,379879
7120,379884
7121,379885
7122,379886
7123,379897
7124,379909
7125,379910
7126,379911
7127,379912
7128,379932
7129,379933
7130,379934
7131,379935
7132,379936
7133,379937
7134,379939
7135,379940
7136,379942
7137,379943
7138,379990
7139,379991
7140,379992
7141,379993
7142,379994
7143,379995
7144,379996
7145,379997
7146,380014
7147,380015
7148,380016
7149,380017
7150,380018
7151,380019
7152,380020
7153,380021
7154,380022
7155,380028
7156,380029
7157,380030
7158,380035
7159,380039
7160,380040
7161,380041
7162,380042
7163,380043
7164,380044
7165,380045
7166,380046
7167,380047
7168,380050
7169,380051
7170,380077
7171,380078
7172,380080
7173,380081
7174,380093
7175,380094
7176,380095
7177,380096
7178,380097
7179,380133
7180,380134
7181,380155
7182,380156
7183,380157
7184,380158
7185,380159
7186,380208
7187,380209
7188,380210
7189,380212
7190,380213
7191,380214
7192,380215
7193,380228
7194,380229
7195,380257
7196,380258
7197,380259
7198,380260
7199,380261
7200,380262
7201,380307
7202,380308
7203,380309
7204,380310
7205,380338
7206,380339
7207,380370
7208,380406
7209,380407
7210,380425
7211,380426
7212,380427
